'자전거번호','대여일시','대여대여소번호','대여거치대','반납일시','반납대여소번호','반납거치대','이용시간(분)','이용거리(M)'
'SPB-12392','2018-04-23 00:00:45','179',3,'2018-04-23 00:05:43','170',10,4,900
'SPB-01265','2018-04-23 00:01:06','1228',10,'2018-04-23 00:07:04','1207',8,5,810
'SPB-10535','2018-04-23 00:04:53','1946',4,'2018-04-23 00:30:20','1145',9,24,4700
'SPB-07961','2018-04-23 00:06:00','2361',9,'2018-04-23 00:17:01','2361',1,10,510
'SPB-10307','2018-04-23 00:06:50','1210',6,'2018-04-23 00:23:22','542',14,16,3080
'SPB-08303','2018-04-23 00:06:54','555',10,'2018-04-23 00:19:35','548',9,12,1960
'SPB-08516','2018-04-23 00:08:20','590',4,'2018-04-23 01:00:30','1008',10,48,7280
'SPB-01377','2018-04-23 00:09:54','2337',15,'2018-04-23 00:29:29','2314',10,19,4300
'SPB-02900','2018-04-23 00:10:03','277',10,'2018-04-23 00:22:37','257',4,12,1770
'SPB-11142','2018-04-23 00:11:11','126',13,'2018-04-23 00:29:05','126',8,18,1870
'SPB-01967','2018-04-23 00:11:36','1153',1,'2018-04-23 00:33:40','1120',1,21,2410
'SPB-06494','2018-04-23 00:12:05','1153',3,'2018-04-23 00:33:31','1120',3,20,2440
'SPB-12432','2018-04-23 00:12:14','1911',5,'2018-04-23 00:59:39','235',9,47,3620
'SPB-07854','2018-04-23 00:12:23','1153',8,'2018-04-23 00:33:31','1120',9,20,2420
'SPB-10248','2018-04-23 00:12:48','130',8,'2018-04-23 00:30:08','151',10,17,2590
'SPB-09419','2018-04-23 00:13:23','703',12,'2018-04-23 00:25:17','232',17,11,1210
'SPB-13172','2018-04-23 00:13:31','244',1,'2018-04-23 00:24:10','231',6,10,1790
'SPB-11682','2018-04-23 00:13:41','137',5,'2018-04-23 00:19:04','126',13,5,1080
'SPB-13065','2018-04-23 00:14:45','580',2,'2018-04-23 00:35:09','3519',2,19,4100
'SPB-10437','2018-04-23 00:14:58','126',19,'2018-04-23 00:20:52','148',9,5,990
'SPB-10997','2018-04-23 00:15:38','106',1,'2018-04-23 00:19:59','103',1,4,760
'SPB-06149','2018-04-23 00:15:55','1038',5,'2018-04-23 00:18:20','1021',15,2,620
'SPB-05279','2018-04-23 00:16:08','247',3,'2018-04-23 00:22:58','239',3,6,1220
'SPB-09474','2018-04-23 00:16:47','1248',8,'2018-04-23 02:27:11','1218',4,117,2090
'SPB-10784','2018-04-23 00:17:00','274',5,'2018-04-23 00:24:36','257',2,7,1400
'SPB-12892','2018-04-23 00:17:42','1152',2,'2018-04-23 01:05:18','736',10,46,4580
'SPB-12964','2018-04-23 00:17:50','274',1,'2018-04-23 00:34:51','251',2,16,2470
'SPB-02336','2018-04-23 00:17:51','1153',4,'2018-04-23 00:33:35','1120',5,15,2440
'SPB-10834','2018-04-23 00:17:54','1822',10,'2018-04-23 00:44:34','2106',4,25,3390
'SPB-08310','2018-04-23 00:18:21','3509',15,'2018-04-23 00:24:38','578',1,6,1090
'SPB-10383','2018-04-23 00:18:39','2377',2,'2018-04-23 00:30:15','1212',10,11,1860
'SPB-07948','2018-04-23 00:19:05','1906',4,'2018-04-23 00:38:11','259',11,17,3640
'SPB-05189','2018-04-23 00:20:13','102',1,'2018-04-23 00:56:01','907',9,35,6180
'SPB-07331','2018-04-23 00:20:57','1210',14,'2018-04-23 00:48:35','542',13,26,3490
'SPB-08630','2018-04-23 00:22:53','274',2,'2018-04-23 00:31:23','213',1,8,1060
'SPB-03574','2018-04-23 00:22:59','129',2,'2018-04-23 00:28:08','119',10,4,1330
'SPB-09094','2018-04-23 00:23:20','537',10,'2018-04-23 00:34:47','3514',3,10,1860
'SPB-08306','2018-04-23 00:24:04','1210',19,'2018-04-23 00:57:47','571',4,32,4940
'SPB-09961','2018-04-23 00:24:09','379',2,'2018-04-23 00:42:07','322',9,17,1850
'SPB-08746','2018-04-23 00:25:02','2015',7,'2018-04-23 00:39:19','254',2,14,2570
'SPB-12675','2018-04-23 00:25:21','142',2,'2018-04-23 00:32:05','143',9,6,1830
'SPB-08164','2018-04-23 00:25:31','108',7,'2018-04-23 00:31:25','102',14,5,760
'SPB-12357','2018-04-23 00:26:19','2377',4,'2018-04-23 00:40:42','1244',4,13,3300
'SPB-01860','2018-04-23 00:27:30','302',9,'2018-04-23 00:46:29','446',6,18,3480
'SPB-08642','2018-04-23 00:27:44','342',7,'2018-04-23 00:53:08','601',1,23,3950
'SPB-03410','2018-04-23 00:28:59','212',29,'2018-04-23 00:39:51','222',10,10,1890
'SPB-13072','2018-04-23 00:29:40','637',2,'2018-04-23 00:34:18','1321',2,4,48650
'SPB-08979','2018-04-23 00:30:29','383',13,'2018-04-23 00:45:01','346',1,12,460
'SPB-05160','2018-04-23 00:30:49','1112',1,'2018-04-23 00:39:23','1102',10,8,1770
'SPB-10842','2018-04-23 00:30:56','1913',6,'2018-04-23 00:54:57','1830',14,23,4190
'SPB-11160','2018-04-23 00:31:08','1983',9,'2018-04-23 01:01:11','2176',1,28,5790
'SPB-09284','2018-04-23 00:31:48','134',4,'2018-04-23 01:02:26','134',1,29,1100
'SPB-06711','2018-04-23 00:32:50','1152',1,'2018-04-23 01:05:16','736',9,32,5140
'SPB-12726','2018-04-23 00:33:43','251',3,'2018-04-23 00:44:48','242',2,10,1430
'SPB-07369','2018-04-23 00:36:18','276',2,'2018-04-23 00:59:34','2016',6,23,2960
'SPB-08548','2018-04-23 00:37:22','132',5,'2018-04-23 01:04:59','152',29,25,5140
'SPB-06331','2018-04-23 00:39:05','521',1,'2018-04-23 00:53:56','630',5,14,2000
'SPB-10895','2018-04-23 00:39:14','642',6,'2018-04-23 00:49:53','601',4,9,980
'SPB-07476','2018-04-23 00:39:27','3509',18,'2018-04-23 00:46:01','3509',12,5,690
'SPB-11421','2018-04-23 00:39:41','2355',17,'2018-04-23 01:16:21','2293',9,35,5100
'SPB-03254','2018-04-23 00:39:58','544',20,'2018-04-23 00:56:21','573',8,16,2160
'SPB-04392','2018-04-23 00:40:02','3511',8,'2018-04-23 00:55:33','3519',8,15,2740
'SPB-09228','2018-04-23 00:42:51','409',1,'2018-04-23 00:53:37','178',10,10,1650
'SPB-13067','2018-04-23 00:45:05','129',1,'2018-04-23 00:50:55','118',4,5,1070
'SPB-11287','2018-04-23 00:45:14','906',3,'2018-04-23 00:57:03','907',10,11,2040
'SPB-05604','2018-04-23 00:46:44','1650',5,'2018-04-23 00:50:40','1668',2,3,810
'SPB-01668','2018-04-23 00:46:56','945',2,'2018-04-23 00:59:02','925',1,11,3140
'SPB-00650','2018-04-23 00:47:22','1960',2,'2018-04-23 01:02:51','2012',3,15,3250
'SPB-13287','2018-04-23 00:47:49','723',1,'2018-04-23 00:56:31','708',10,8,1220
'SPB-05152','2018-04-23 00:48:07','1308',10,'2018-04-23 00:55:03','614',19,6,760
'SPB-06597','2018-04-23 00:48:41','631',13,'2018-04-23 00:55:25','579',6,6,1170
'SPB-13285','2018-04-23 00:48:58','571',1,'2018-04-23 01:00:22','551',8,10,1890
'SPB-09163','2018-04-23 00:49:08','378',10,'2018-04-23 01:04:27','1338',12,14,2940
'SPB-10545','2018-04-23 00:49:27','591',3,'2018-04-23 01:00:25','591',3,10,640
'SPB-10633','2018-04-23 00:49:31','1140',14,'2018-04-23 00:56:36','1141',10,6,1560
'SPB-15987','2018-04-23 00:49:45','1210',21,'2018-04-23 01:05:13','1212',1,15,2000
'SPB-05700','2018-04-23 00:49:54','1723',10,'2018-04-23 01:07:40','1723',10,17,400
'SPB-11437','2018-04-23 00:51:02','614',19,'2018-04-23 01:01:41','3514',2,10,1690
'SPB-09510','2018-04-23 00:51:09','358',3,'2018-04-23 00:58:43','344',5,7,1170
'SPB-00597','2018-04-23 00:51:54','413',6,'2018-04-23 00:59:54','421',5,7,1330
'SPB-08707','2018-04-23 00:52:33','1501',7,'2018-04-23 01:01:08','1509',3,8,1940
'SPB-11212','2018-04-23 00:52:54','326',2,'2018-04-23 01:10:51','198',12,17,3420
'SPB-12230','2018-04-23 00:53:03','828',2,'2018-04-23 01:22:31','2050',1,27,5160
'SPB-08033','2018-04-23 00:53:53','832',15,'2018-04-23 01:05:03','816',2,11,2260
'SPB-14487','2018-04-23 00:54:02','409',3,'2018-04-23 01:29:52','106',3,35,5510
'SPB-00434','2018-04-23 00:55:04','708',9,'2018-04-23 01:08:06','734',4,12,1560
'SPB-09810','2018-04-23 00:55:19','708',14,'2018-04-23 01:19:33','710',5,23,2790
'SPB-12781','2018-04-23 00:56:57','106',6,'2018-04-23 01:02:11','103',5,5,640
'SPB-06641','2018-04-23 00:58:01','1610',10,'2018-04-23 01:12:27','1431',8,14,2390
'SPB-04712','2018-04-23 00:58:10','623',1,'2018-04-23 01:07:49','637',10,9,1940
'SPB-10072','2018-04-23 00:58:34','521',14,'2018-04-23 01:09:23','536',8,10,890
'SPB-16607','2018-04-23 00:58:50','1707',3,'2018-04-23 01:07:37','1706',10,8,1440
'SPB-11990','2018-04-23 01:02:45','640',1,'2018-04-23 01:16:04','1321',8,12,1400
'SPB-00305','2018-04-23 01:03:44','640',4,'2018-04-23 01:15:54','1321',5,11,1830
'SPB-00597','2018-04-23 01:03:50','421',5,'2018-04-23 01:08:32','427',6,4,750
'SPB-10322','2018-04-23 01:04:15','523',6,'2018-04-23 01:26:45','2361',6,20,2030
'SPB-05282','2018-04-23 01:04:18','219',2,'2018-04-23 01:23:26','252',4,18,3980
'SPB-08263','2018-04-23 01:04:45','520',9,'2018-04-23 01:20:24','563',6,15,3500
'SPB-11119','2018-04-23 01:05:05','1220',15,'2018-04-23 01:19:54','1210',11,14,1970
'SPB-10423','2018-04-23 01:05:25','731',9,'2018-04-23 01:42:16','258',3,33,5570
'SPB-06364','2018-04-23 01:05:37','1520',5,'2018-04-23 01:21:47','1522',10,15,2640
'SPB-05330','2018-04-23 01:06:38','1021',6,'2018-04-23 01:32:19','1011',4,25,6360
'SPB-14421','2018-04-23 01:07:02','2377',5,'2018-04-23 01:35:19','1228',10,27,5310
'SPB-10561','2018-04-23 01:08:34','117',12,'2018-04-23 01:15:28','188',3,6,710
'SPB-08595','2018-04-23 01:08:43','111',4,'2018-04-23 02:00:48','2036',15,50,10020
'SPB-08059','2018-04-23 01:12:40','2306',29,'2018-04-23 01:27:13','533',4,14,2970
'SPB-10150','2018-04-23 01:15:05','247',6,'2018-04-23 01:18:16','244',1,3,340
'SPB-02058','2018-04-23 01:15:56','2127',2,'2018-04-23 01:21:53','2106',11,5,1120
'SPB-10388','2018-04-23 01:19:34','266',10,'2018-04-23 01:46:41','2050',3,27,4260
'SPB-11076','2018-04-23 01:20:09','1616',1,'2018-04-23 01:27:15','1608',8,6,1130
'SPB-07516','2018-04-23 01:21:00','831',8,'2018-04-23 01:47:34','125',7,26,5000
'SPB-14630','2018-04-23 01:21:06','1616',10,'2018-04-23 01:27:10','1608',9,5,1070
'SPB-11152','2018-04-23 01:22:25','195',3,'2018-04-23 01:25:28','183',6,3,430
'SPB-10149','2018-04-23 01:24:13','1115',7,'2018-04-23 01:34:20','1117',1,9,1820
'SPB-02784','2018-04-23 01:24:58','1339',6,'2018-04-23 01:45:56','1501',6,20,2170
'SPB-09166','2018-04-23 01:26:36','1231',5,'2018-04-23 01:36:15','1222',13,9,1450
'SPB-07409','2018-04-23 01:27:30','113',1,'2018-04-23 01:37:18','166',5,9,1770
'SPB-12253','2018-04-23 01:28:25','2111',1,'2018-04-23 01:45:01','2281',4,14,3010
'SPB-14630','2018-04-23 01:28:36','1608',9,'2018-04-23 01:34:47','1655',12,5,630
'SPB-12833','2018-04-23 01:30:19','223',2,'2018-04-23 01:35:31','259',16,4,1080
'SPB-05628','2018-04-23 01:30:39','153',10,'2018-04-23 01:49:57','191',7,18,4200
'SPB-12783','2018-04-23 01:30:56','1124',9,'2018-04-23 01:41:16','1129',10,9,700
'SPB-03226','2018-04-23 01:32:50','358',5,'2018-04-23 01:36:36','359',2,3,840
'SPB-05862','2018-04-23 01:36:53','129',6,'2018-04-23 01:42:26','122',10,5,1080
'SPB-04779','2018-04-23 01:37:55','1029',6,'2018-04-23 01:47:15','1008',7,8,1700
'SPB-07475','2018-04-23 01:39:51','245',10,'2018-04-23 01:52:54','227',2,12,2230
'SPB-07713','2018-04-23 01:40:25','1221',8,'2018-04-23 02:03:54','1212',10,22,760
'SPB-14943','2018-04-23 01:41:04','2002',1,'2018-04-23 02:04:25','2002',1,23,2000
'SPB-07465','2018-04-23 01:44:04','1346',2,'2018-04-23 01:54:13','1531',5,9,1260
'SPB-09029','2018-04-23 01:47:05','184',9,'2018-04-23 02:21:42','930',4,33,5530
'SPB-06134','2018-04-23 01:47:09','2103',6,'2018-04-23 02:07:12','2145',5,19,2430
'SPB-08675','2018-04-23 01:47:50','346',3,'2018-04-23 02:03:57','522',3,15,2260
'SPB-10829','2018-04-23 01:52:01','500',8,'2018-04-23 02:07:13','555',10,15,1440
'SPB-05952','2018-04-23 01:52:17','917',6,'2018-04-23 01:58:35','907',7,5,1800
'SPB-10236','2018-04-23 02:00:57','383',14,'2018-04-23 02:05:46','361',5,4,630
'SPB-08306','2018-04-23 02:05:54','571',4,'2018-04-23 02:11:12','540',6,5,700
'SPB-00434','2018-04-23 02:06:31','734',4,'2018-04-23 02:17:45','1145',2,10,2210
'SPB-08492','2018-04-23 02:07:31','2349',10,'2018-04-23 02:13:43','2330',9,5,1170
'SPB-11257','2018-04-23 02:08:26','164',1,'2018-04-23 02:11:38','191',8,3,440
'SPB-08442','2018-04-23 02:08:51','809',10,'2018-04-23 03:07:50','192',9,55,12590
'SPB-10526','2018-04-23 02:11:51','2164',7,'2018-04-23 03:31:33','2139',3,79,1910
'SPB-11009','2018-04-23 02:12:41','102',3,'2018-04-23 02:19:23','421',1,6,1350
'SPB-05798','2018-04-23 02:13:48','379',3,'2018-04-23 02:54:08','2054',3,39,7430
'SPB-06674','2018-04-23 02:15:34','105',5,'2018-04-23 02:38:28','239',2,22,0
'SPB-11715','2018-04-23 02:24:08','1539',3,'2018-04-23 02:29:56','1526',8,5,1420
'SPB-05689','2018-04-23 02:28:57','1955',3,'2018-04-23 02:45:41','234',2,16,2540
'SPB-10476','2018-04-23 02:36:58','950',7,'2018-04-23 02:48:00','956',5,10,2230
'SPB-03518','2018-04-23 02:37:46','1663',1,'2018-04-23 02:47:33','1326',2,9,2400
'SPB-09558','2018-04-23 02:40:03','1146',2,'2018-04-23 02:51:22','714',1,11,1100
'SPB-04914','2018-04-23 02:40:53','1018',20,'2018-04-23 03:22:53','1246',28,41,6370
'SPB-01031','2018-04-23 02:41:02','1287',2,'2018-04-23 03:06:41','1201',2,25,4130
'SPB-08018','2018-04-23 02:43:36','508',6,'2018-04-23 02:48:48','513',7,5,810
'SPB-08463','2018-04-23 02:44:05','2315',3,'2018-04-23 03:20:02','1208',5,35,7790
'SPB-03302','2018-04-23 02:49:28','113',3,'2018-04-23 02:58:16','153',12,8,1710
'SPB-04785','2018-04-23 02:55:12','1009',6,'2018-04-23 03:44:52','1227',10,49,7790
'SPB-11283','2018-04-23 02:55:36','266',6,'2018-04-23 03:03:53','258',7,7,1340
'SPB-12942','2018-04-23 03:01:29','1420',12,'2018-04-23 03:36:03','1533',9,33,4440
'SPB-06303','2018-04-23 03:03:47','2311',4,'2018-04-23 03:25:25','585',8,21,3900
'SPB-09814','2018-04-23 03:23:33','2221',2,'2018-04-23 03:52:08','2041',7,29,4020
'SPB-11009','2018-04-23 03:25:54','421',1,'2018-04-23 10:56:09','109',8,173,5230
'SPB-03130','2018-04-23 03:35:19','592',2,'2018-04-23 04:49:42','592',1,74,0
'SPB-05535','2018-04-23 03:38:41','342',10,'2018-04-23 04:23:31','1444',2,44,9700
'SPB-02082','2018-04-23 03:45:24','536',3,'2018-04-23 04:37:45','1210',18,51,12690
'SPB-05380','2018-04-23 03:56:37','555',1,'2018-04-23 04:15:17','562',10,18,4680
'SPB-06393','2018-04-23 04:16:18','1313',1,'2018-04-23 04:23:48','1316',17,7,1260
'SPB-00639','2018-04-23 04:55:58','1203',17,'2018-04-23 05:15:51','1262',8,19,3050
'SPB-09137','2018-04-23 05:01:58','388',1,'2018-04-23 05:05:29','342',1,3,400
'SPB-08823','2018-04-23 05:15:05','551',5,'2018-04-23 05:25:40','3524',13,10,2170
'SPB-07315','2018-04-23 05:15:17','300',4,'2018-04-23 05:20:21','312',4,5,910
'SPB-02742','2018-04-23 05:21:18','314',1,'2018-04-23 05:31:56','311',3,10,1820
'SPB-11636','2018-04-23 05:51:47','334',1,'2018-04-23 06:02:26','303',6,10,1840
'SPB-12705','2018-04-23 05:56:28','1845',2,'2018-04-23 06:09:30','1850',4,2,340
'SPB-12257','2018-04-23 06:12:35','2025',13,'2018-04-23 06:35:14','2213',13,21,3870
'SPB-09487','2018-04-23 06:20:49','542',19,'2018-04-23 06:32:16','1209',18,11,2030
'SPB-05484','2018-04-23 06:28:19','2302',5,'2018-04-23 06:36:13','2385',8,7,1520
'SPB-11942','2018-04-23 06:41:23','266',3,'2018-04-23 06:52:21','258',9,10,1290
'SPB-10250','2018-04-23 06:45:33','184',3,'2018-04-23 06:55:25','199',4,9,42180
'SPB-05172','2018-04-23 07:00:54','1809',10,'2018-04-23 07:06:12','1851',7,4,1190
'SPB-12230','2018-04-23 07:03:35','2050',1,'2018-04-23 07:48:58','1912',4,42,5850
'SPB-12002','2018-04-23 07:13:35','909',4,'2018-04-23 07:37:29','411',3,23,4290
'SPB-11001','2018-04-23 07:18:25','1250',5,'2018-04-23 07:33:00','1262',10,14,2020
'SPB-05629','2018-04-23 07:20:51','355',14,'2018-04-23 09:17:22','342',7,116,3420
'SPB-09887','2018-04-23 07:23:39','334',6,'2018-04-23 07:30:27','345',14,6,530
'SPB-07826','2018-04-23 07:27:52','416',10,'2018-04-23 07:30:24','415',9,2,480
'SPB-06731','2018-04-23 07:29:54','621',15,'2018-04-23 07:54:17','579',7,24,2020
'SPB-00576','2018-04-23 07:32:48','1275',15,'2018-04-23 07:42:46','1271',11,9,990
'SPB-06303','2018-04-23 07:36:09','585',8,'2018-04-23 07:43:03','589',5,6,990
'SPB-08173','2018-04-23 07:37:26','529',1,'2018-04-23 07:42:12','594',15,4,870
'SPB-09162','2018-04-23 07:37:38','2311',5,'2018-04-23 07:41:26','2309',5,3,380
'SPB-09209','2018-04-23 07:39:01','2341',1,'2018-04-23 08:04:15','1243',9,25,4170
'SPB-10074','2018-04-23 07:40:57','621',6,'2018-04-23 08:03:15','1308',10,21,2770
'SPB-07952','2018-04-23 07:41:50','1220',11,'2018-04-23 07:48:33','1235',1,6,550
'SPB-12653','2018-04-23 07:42:37','1908',1,'2018-04-23 08:18:35','744',4,34,6290
'SPB-03899','2018-04-23 07:48:21','258',2,'2018-04-23 07:56:50','213',6,8,920
'SPB-11734','2018-04-23 08:01:22','1827',10,'2018-04-23 08:42:57','716',3,40,7990
'SPB-08651','2018-04-23 08:04:26','335',1,'2018-04-23 08:08:39','389',10,4,670
'SPB-10428','2018-04-23 08:05:44','1211',4,'2018-04-23 08:26:30','1201',10,19,2390
'SPB-04824','2018-04-23 08:14:01','175',14,'2018-04-23 08:24:34','155',4,10,2140
'SPB-09982','2018-04-23 08:14:20','582',2,'2018-04-23 08:23:33','514',6,8,1290
'SPB-06749','2018-04-23 08:14:22','375',2,'2018-04-23 08:21:52','380',1,7,1710
'SPB-08697','2018-04-23 08:16:09','180',5,'2018-04-23 08:29:31','301',15,13,2010
'SPB-02801','2018-04-23 08:19:44','216',10,'2018-04-23 08:26:35','211',1,6,1040
'SPB-10250','2018-04-23 08:21:58','199',4,'2018-04-23 08:33:21','184',3,11,1250
'SPB-11547','2018-04-23 08:24:52','2243',12,'2018-04-23 08:40:37','2268',1,15,3050
'SPB-07345','2018-04-23 08:25:21','503',5,'2018-04-23 08:34:23','514',1,8,1230
'SPB-11712','2018-04-23 08:32:02','449',5,'2018-04-23 08:42:00','446',5,9,1600
'SPB-06112','2018-04-23 08:33:24','1824',1,'2018-04-23 08:47:47','1834',1,13,2430
'SPB-06294','2018-04-23 08:39:03','320',7,'2018-04-23 08:42:54','368',4,3,630
'SPB-06434','2018-04-23 08:42:42','589',8,'2018-04-23 08:46:59','509',19,3,790
'SPB-11618','2018-04-23 08:43:19','2250',10,'2018-04-23 09:13:04','2273',7,27,3430
'SPB-09952','2018-04-23 08:44:50','615',4,'2018-04-23 08:57:40','642',1,12,1280
'SPB-02207','2018-04-23 08:48:51','314',4,'2018-04-23 08:59:17','309',1,10,1600
'SPB-02531','2018-04-23 08:50:21','175',16,'2018-04-23 09:06:17','153',1,15,2760
'SPB-01577','2018-04-23 08:51:30','102',18,'2018-04-23 08:57:57','107',5,6,910
'SPB-01472','2018-04-23 08:51:56','1245',4,'2018-04-23 10:16:52','1247',5,84,18670
'SPB-07350','2018-04-23 08:53:04','160',11,'2018-04-23 09:48:10','180',2,54,560
'SPB-07863','2018-04-23 08:55:32','304',4,'2018-04-23 09:00:07','318',10,4,750
'SPB-02656','2018-04-23 08:56:03','623',18,'2018-04-23 09:55:43','638',18,59,720
'SPB-05420','2018-04-23 09:01:53','503',3,'2018-04-23 09:16:06','567',10,13,2030
'SPB-06245','2018-04-23 09:02:06','415',3,'2018-04-23 09:13:24','408',19,10,1370
'SPB-08983','2018-04-23 09:03:34','341',1,'2018-04-23 09:38:05','359',5,32,1580
'SPB-15654','2018-04-23 09:09:01','307',7,'2018-04-23 09:13:10','316',9,3,910
'SPB-07501','2018-04-23 09:22:17','2312',5,'2018-04-23 09:28:23','2313',5,5,560
'SPB-11924','2018-04-23 09:42:46','1906',2,'2018-04-23 10:41:56','1906',3,57,13940
'SPB-04654','2018-04-23 09:55:44','220',27,'2018-04-23 10:30:43','105',3,34,9180
'SPB-03718','2018-04-23 09:59:29','113',2,'2018-04-23 10:18:04','176',6,18,3710
'SPB-08359','2018-04-23 10:01:14','1248',4,'2018-04-23 10:29:04','1228',6,26,2550
'SPB-11311','2018-04-23 10:09:30','640',5,'2018-04-23 10:17:59','637',8,8,1070
'SPB-13117','2018-04-23 10:22:03','314',5,'2018-04-23 11:20:24','351',7,53,3380
'SPB-00660','2018-04-23 10:25:20','1014',8,'2018-04-23 12:16:40','1019',1,110,5210
'SPB-10119','2018-04-23 10:25:50','943',7,'2018-04-23 10:29:32','917',1,3,750
'SPB-07980','2018-04-23 10:27:44','550',14,'2018-04-23 10:42:35','550',14,13,0
'SPB-07985','2018-04-23 10:30:18','2173',10,'2018-04-23 10:42:57','2113',4,11,2230
'SPB-07941','2018-04-23 10:33:10','308',1,'2018-04-23 10:50:42','314',1,16,1310
'SPB-12406','2018-04-23 10:36:55','110',9,'2018-04-23 10:45:46','113',8,8,1280
'SPB-02888','2018-04-23 10:37:48','909',1,'2018-04-23 10:40:20','163',4,2,480
'SPB-08854','2018-04-23 10:43:21','550',15,'2018-04-23 12:25:24','550',15,96,0
'SPB-08983','2018-04-23 10:44:27','359',5,'2018-04-23 10:47:40','356',3,3,490
'SPB-08263','2018-04-23 10:44:41','563',6,'2018-04-23 10:50:45','508',6,5,680
'SPB-07921','2018-04-23 10:47:37','355',1,'2018-04-23 10:59:30','326',1,11,1820
'SPB-07516','2018-04-23 11:02:45','125',7,'2018-04-23 11:05:13','129',2,2,590
'SPB-05428','2018-04-23 11:20:29','400',10,'2018-04-23 11:30:38','409',25,9,1410
'SPB-11158','2018-04-23 11:22:10','701',4,'2018-04-23 11:32:00','747',5,9,1530
'SPB-06237','2018-04-23 11:22:43','630',2,'2018-04-23 11:29:14','633',4,6,980
'SPB-06685','2018-04-23 11:23:59','369',1,'2018-04-23 11:33:32','308',1,9,1090
'SPB-13045','2018-04-23 11:24:03','369',5,'2018-04-23 11:33:28','308',9,9,850
'SPB-01240','2018-04-23 11:24:27','504',2,'2018-04-23 11:43:46','516',7,18,2560
'SPB-08440','2018-04-23 11:25:39','342',6,'2018-04-23 13:12:31','388',1,101,2380
'SPB-11015','2018-04-23 11:47:18','1924',9,'2018-04-23 11:53:27','1911',10,5,1060
'SPB-12207','2018-04-23 11:48:09','956',8,'2018-04-23 12:04:14','916',6,16,2130
'SPB-06639','2018-04-23 12:01:31','277',3,'2018-04-23 12:14:49','232',2,12,2050
'SPB-09508','2018-04-23 12:16:32','609',8,'2018-04-23 12:39:38','613',5,22,3100
'SPB-09323','2018-04-23 12:18:55','415',5,'2018-04-23 12:23:24','409',23,4,870
'SPB-08983','2018-04-23 12:23:28','356',3,'2018-04-23 12:26:29','359',5,2,490
'SPB-08583','2018-04-23 12:28:22','1824',10,'2018-04-23 12:32:42','1804',1,4,540
'SPB-11158','2018-04-23 12:37:08','747',5,'2018-04-23 12:55:14','719',10,16,1720
'SPB-07934','2018-04-23 12:39:57','1824',15,'2018-04-23 12:47:48','1804',2,7,560
'SPB-02615','2018-04-23 12:43:26','590',10,'2018-04-23 12:47:51','3523',3,4,850
'SPB-12508','2018-04-23 12:44:11','1159',18,'2018-04-23 13:04:42','1112',1,19,2310
'SPB-16019','2018-04-23 12:49:09','2105',9,'2018-04-23 13:14:41','219',5,25,6300
'SPB-13109','2018-04-23 12:58:00','712',14,'2018-04-23 13:25:14','708',6,25,3230
'SPB-13137','2018-04-23 13:01:49','1203',13,'2018-04-23 13:09:40','1212',9,7,1100
'SPB-07941','2018-04-23 13:07:37','314',1,'2018-04-23 13:13:48','302',5,5,960
'SPB-08381','2018-04-23 13:25:59','2292',15,'2018-04-23 13:32:09','2330',4,6,1180
'SPB-01772','2018-04-23 13:27:57','504',5,'2018-04-23 13:55:52','504',2,27,1750
'SPB-10957','2018-04-23 13:30:15','1212',5,'2018-04-23 15:22:15','1251',7,103,5240
'SPB-10380','2018-04-23 13:34:19','1821',4,'2018-04-23 14:17:45','1822',10,42,5610
'SPB-10903','2018-04-23 13:35:25','945',10,'2018-04-23 13:45:29','905',9,9,1550
'SPB-01543','2018-04-23 13:43:14','304',6,'2018-04-23 13:52:43','321',11,9,1370
'SPB-08381','2018-04-23 13:44:28','2330',4,'2018-04-23 14:13:52','1222',11,28,4940
'SPB-11015','2018-04-23 13:44:58','1911',10,'2018-04-23 15:07:27','1835',9,78,10450
'SPB-09906','2018-04-23 13:49:29','302',12,'2018-04-23 13:56:51','314',8,7,1100
'SPB-08090','2018-04-23 13:54:55','1911',9,'2018-04-23 14:03:59','1985',17,8,1160
'SPB-08750','2018-04-23 14:03:53','421',2,'2018-04-23 14:16:39','413',6,12,1120
'SPB-10119','2018-04-23 14:06:02','917',1,'2018-04-23 14:09:14','943',4,3,740
'SPB-08575','2018-04-23 14:10:29','1214',4,'2018-04-23 14:17:06','1213',8,6,870
'SPB-11227','2018-04-23 14:15:34','931',8,'2018-04-23 14:25:33','956',9,9,1210
'SPB-10061','2018-04-23 14:25:36','1962',3,'2018-04-23 14:37:09','1914',9,11,1960
'SPB-10253','2018-04-23 14:27:31','390',7,'2018-04-23 14:48:44','358',3,20,1140
'SPB-12981','2018-04-23 14:31:38','114',13,'2018-04-23 14:39:02','195',8,7,1310
'SPB-07350','2018-04-23 14:32:57','180',2,'2018-04-23 15:49:59','207',15,76,13310
'SPB-11477','2018-04-23 14:33:22','1222',2,'2018-04-23 14:44:11','1210',14,10,1280
'SPB-06634','2018-04-23 14:37:51','928',3,'2018-04-23 14:45:19','945',1,6,1080
'SPB-05629','2018-04-23 14:38:11','342',7,'2018-04-23 14:43:10','388',1,4,630
'SPB-09556','2018-04-23 14:46:35','369',7,'2018-04-23 14:54:40','308',1,8,1060
'SPB-08187','2018-04-23 14:46:53','369',2,'2018-04-23 14:54:39','308',5,7,390
'SPB-12110','2018-04-23 14:49:16','2231',2,'2018-04-23 15:02:22','2210',3,11,1670
'SPB-03254','2018-04-23 14:49:32','573',8,'2018-04-23 14:55:22','505',1,5,1100
'SPB-09050','2018-04-23 14:55:51','1906',15,'2018-04-23 16:09:53','2107',16,69,6630
'SPB-09267','2018-04-23 14:59:01','114',14,'2018-04-23 15:09:13','153',2,9,1920
'SPB-07946','2018-04-23 14:59:06','243',3,'2018-04-23 15:27:37','152',12,26,59230
'SPB-06354','2018-04-23 15:05:10','703',11,'2018-04-23 15:14:25','263',5,8,2000
'SPB-12508','2018-04-23 15:06:40','1112',1,'2018-04-23 15:22:12','1117',1,14,2250
'SPB-10997','2018-04-23 15:13:35','103',1,'2018-04-23 15:24:20','109',2,10,1350
'SPB-12646','2018-04-23 15:24:46','951',14,'2018-04-23 15:32:32','931',9,7,1640
'SPB-07860','2018-04-23 15:29:53','1839',17,'2018-04-23 15:34:25','1814',8,4,930
'SPB-11037','2018-04-23 15:36:18','1152',6,'2018-04-23 15:43:45','1111',4,6,820
'SPB-11844','2018-04-23 15:37:09','1249',7,'2018-04-23 16:26:54','2324',3,48,1760
'SPB-10957','2018-04-23 15:39:44','1251',7,'2018-04-23 17:38:03','1251',2,109,5270
'SPB-06088','2018-04-23 15:39:50','103',12,'2018-04-23 15:50:13','112',3,9,1730
'SPB-10381','2018-04-23 15:44:51','820',2,'2018-04-23 15:47:40','820',2,2,150
'SPB-11792','2018-04-23 15:46:36','217',2,'2018-04-23 16:06:00','210',8,18,1480
'SPB-03788','2018-04-23 15:47:22','567',7,'2018-04-23 16:02:28','567',3,14,2350
'SPB-06126','2018-04-23 15:48:37','329',1,'2018-04-23 16:04:38','391',7,15,1940
'SPB-09455','2018-04-23 15:49:35','820',4,'2018-04-23 15:55:58','818',13,6,800
'SPB-04813','2018-04-23 15:58:08','945',7,'2018-04-23 16:07:59','905',11,9,1350
'SPB-10179','2018-04-23 16:02:33','569',1,'2018-04-23 16:15:05','525',2,11,1810
'SPB-10069','2018-04-23 16:03:15','742',9,'2018-04-23 16:53:00','1112',1,46,4710
'SPB-11961','2018-04-23 16:03:25','704',10,'2018-04-23 16:33:25','1834',9,28,42210
'SPB-05986','2018-04-23 16:03:32','522',5,'2018-04-23 16:09:12','534',12,5,910
'SPB-13122','2018-04-23 16:04:10','3505',4,'2018-04-23 16:52:21','3519',1,46,7740
'SPB-00568','2018-04-23 16:05:23','1271',13,'2018-04-23 16:25:48','1215',11,20,2660
'SPB-11162','2018-04-23 16:06:05','125',13,'2018-04-23 16:13:28','125',4,7,740
'SPB-06597','2018-04-23 16:06:36','579',6,'2018-04-23 16:16:23','538',9,9,1130
'SPB-07819','2018-04-23 16:07:38','1316',2,'2018-04-23 16:11:12','1358',4,3,700
'SPB-03547','2018-04-23 16:08:27','231',5,'2018-04-23 16:16:27','239',12,7,1450
'SPB-11695','2018-04-23 16:08:30','349',7,'2018-04-23 16:32:35','340',1,22,3710
'SPB-06732','2018-04-23 16:10:41','1209',4,'2018-04-23 16:26:27','1222',2,15,3170
'SPB-06719','2018-04-23 16:10:59','216',1,'2018-04-23 16:35:13','832',1,23,5830
'SPB-04417','2018-04-23 16:11:26','2255',7,'2018-04-23 17:01:37','2255',2,49,3540
'SPB-01570','2018-04-23 16:11:28','922',7,'2018-04-23 16:20:07','926',7,8,1130
'SPB-08090','2018-04-23 16:17:14','1985',17,'2018-04-23 16:54:49','1955',10,34,3590
'SPB-01240','2018-04-23 16:19:37','516',7,'2018-04-23 16:55:31','504',3,35,3410
'SPB-03681','2018-04-23 16:20:19','1123',6,'2018-04-23 16:25:30','1120',2,4,920
'SPB-11625','2018-04-23 16:21:20','3506',3,'2018-04-23 16:29:23','509',15,8,900
'SPB-02772','2018-04-23 16:21:29','409',4,'2018-04-23 16:32:14','418',1,10,1580
'SPB-01075','2018-04-23 16:22:44','3506',5,'2018-04-23 16:29:17','509',7,6,940
'SPB-04487','2018-04-23 16:24:01','3506',6,'2018-04-23 16:29:15','509',9,4,860
'SPB-11844','2018-04-23 16:27:11','2324',3,'2018-04-23 17:28:43','2333',10,59,4130
'SPB-00102','2018-04-23 16:30:39','723',5,'2018-04-23 16:37:24','719',8,6,1050
'SPB-07394','2018-04-23 16:31:31','2307',9,'2018-04-23 16:47:19','565',9,15,2850
'SPB-05109','2018-04-23 16:31:51','132',1,'2018-04-23 17:24:44','130',4,52,3960
'SPB-04898','2018-04-23 16:37:04','217',4,'2018-04-23 16:53:51','217',7,16,1070
'SPB-09050','2018-04-23 16:37:42','2107',16,'2018-04-23 17:10:29','1906',20,30,6350
'SPB-11618','2018-04-23 16:39:02','2273',7,'2018-04-23 18:00:23','2252',3,73,1720
'SPB-12560','2018-04-23 16:39:45','913',7,'2018-04-23 17:14:34','939',13,32,1740
'SPB-09808','2018-04-23 16:44:30','1340',5,'2018-04-23 16:48:24','1601',1,3,640
'SPB-10545','2018-04-23 16:45:54','591',3,'2018-04-23 16:55:43','591',3,9,940
'SPB-02917','2018-04-23 16:46:07','111',8,'2018-04-23 16:53:02','108',1,6,910
'SPB-08794','2018-04-23 16:46:59','831',10,'2018-04-23 17:05:41','828',2,17,2410
'SPB-08668','2018-04-23 16:50:19','2313',7,'2018-04-23 16:55:42','2312',7,5,690
'SPB-07679','2018-04-23 16:50:25','639',8,'2018-04-23 17:03:00','634',14,11,2080
'SPB-09625','2018-04-23 16:51:53','510',1,'2018-04-23 17:10:40','513',8,16,1300
'SPB-14178','2018-04-23 16:52:06','1278',5,'2018-04-23 17:20:01','1224',11,27,3900
'SPB-15028','2018-04-23 16:54:39','1215',15,'2018-04-23 17:04:13','1248',18,9,0
'SPB-05555','2018-04-23 16:55:35','1012',6,'2018-04-23 17:44:14','1028',1,48,2390
'SPB-05810','2018-04-23 16:56:10','451',11,'2018-04-23 17:01:47','315',2,5,1230
'SPB-04032','2018-04-23 16:58:40','1426',11,'2018-04-23 17:06:10','1426',11,7,810
'SPB-06080','2018-04-23 17:02:20','310',7,'2018-04-23 17:09:22','329',1,6,1170
'SPB-13090','2018-04-23 17:04:17','372',7,'2018-04-23 18:41:27','373',6,87,1170
'SPB-11135','2018-04-23 17:06:29','3507',3,'2018-04-23 17:19:59','551',5,12,1680
'SPB-10798','2018-04-23 17:06:32','639',14,'2018-04-23 17:14:42','639',14,8,1210
'SPB-06389','2018-04-23 17:13:54','2206',15,'2018-04-23 17:41:02','2206',17,26,2390
'SPB-06723','2018-04-23 17:14:05','205',10,'2018-04-23 17:39:29','235',1,24,3260
'SPB-10237','2018-04-23 17:15:13','921',10,'2018-04-23 17:22:32','905',1,7,580
'SPB-13117','2018-04-23 17:18:09','351',7,'2018-04-23 17:50:54','306',8,29,3420
'SPB-04998','2018-04-23 17:19:56','1271',15,'2018-04-23 17:26:58','1213',1,6,1400
'SPB-07893','2018-04-23 17:20:15','2309',9,'2018-04-23 17:27:00','2312',9,6,730
'SPB-03517','2018-04-23 17:20:33','634',6,'2018-04-23 17:32:25','1404',3,11,2280
'SPB-06687','2018-04-23 17:22:10','200',6,'2018-04-23 17:37:08','258',2,14,1970
'SPB-04951','2018-04-23 17:27:59','311',1,'2018-04-23 18:25:23','314',1,57,2780
'SPB-03357','2018-04-23 17:28:19','818',4,'2018-04-23 17:35:43','820',4,7,820
'SPB-12257','2018-04-23 17:28:55','2213',13,'2018-04-23 17:52:40','2025',14,22,3870
'SPB-11844','2018-04-23 17:28:58','2333',10,'2018-04-23 19:09:16','2327',5,97,1480
'SPB-09773','2018-04-23 17:29:15','1006',12,'2018-04-23 18:14:14','1006',15,42,70920
'SPB-03547','2018-04-23 17:30:00','239',12,'2018-04-23 17:39:43','240',9,9,1440
'SPB-10109','2018-04-23 17:34:09','594',12,'2018-04-23 17:38:20','526',9,4,610
'SPB-04374','2018-04-23 17:35:18','2347',2,'2018-04-23 18:08:12','2306',3,32,1620
'SPB-13174','2018-04-23 17:35:42','2020',4,'2018-04-23 18:34:10','2007',2,57,7580
'SPB-08821','2018-04-23 17:37:02','358',1,'2018-04-23 17:52:28','346',9,14,53270
'SPB-00102','2018-04-23 17:37:03','719',8,'2018-04-23 17:45:41','746',10,8,1740
'SPB-10521','2018-04-23 17:39:22','633',8,'2018-04-23 17:54:19','586',8,14,2610
'SPB-10957','2018-04-23 17:39:30','1251',2,'2018-04-23 17:57:20','1251',2,16,1150
'SPB-03369','2018-04-23 17:41:11','2172',16,'2018-04-23 17:46:40','2139',4,5,760
'SPB-12584','2018-04-23 17:43:07','267',6,'2018-04-23 18:16:58','184',9,33,5170
'SPB-11997','2018-04-23 17:43:28','900',17,'2018-04-23 17:50:17','907',1,6,1090
'SPB-02451','2018-04-23 17:45:26','156',4,'2018-04-23 17:54:57','144',8,9,970
'SPB-11621','2018-04-23 17:46:16','1404',1,'2018-04-23 18:01:23','634',1,14,2100
'SPB-04487','2018-04-23 17:46:49','509',9,'2018-04-23 17:53:23','3506',6,6,910
'SPB-00942','2018-04-23 17:47:16','509',12,'2018-04-23 17:53:11','3506',5,5,910
'SPB-11119','2018-04-23 17:47:36','1210',11,'2018-04-23 18:17:21','1248',4,29,3760
'SPB-10545','2018-04-23 17:48:04','591',3,'2018-04-23 17:50:36','3523',9,2,400
'SPB-00241','2018-04-23 17:48:11','573',5,'2018-04-23 17:51:31','3507',22,3,630
'SPB-11333','2018-04-23 17:50:56','1011',17,'2018-04-23 17:58:46','1050',6,7,1180
'SPB-10997','2018-04-23 17:51:20','109',2,'2018-04-23 18:18:27','109',2,26,2100
'SPB-02634','2018-04-23 17:53:32','506',4,'2018-04-23 18:05:37','511',1,11,1870
'SPB-07561','2018-04-23 17:55:28','583',17,'2018-04-23 19:08:12','539',2,70,4740
'SPB-07722','2018-04-23 17:55:40','202',15,'2018-04-23 18:37:14','2024',5,38,5430
'SPB-14878','2018-04-23 17:57:51','1243',17,'2018-04-23 18:41:25','2341',1,43,10120
'SPB-07826','2018-04-23 17:58:02','415',9,'2018-04-23 18:07:49','165',19,9,2030
'SPB-03365','2018-04-23 17:59:26','3516',4,'2018-04-23 18:15:35','571',1,15,2170
'SPB-09543','2018-04-23 17:59:40','339',1,'2018-04-23 18:08:54','339',9,8,1130
'SPB-08289','2018-04-23 18:01:06','262',12,'2018-04-23 18:53:45','262',12,49,2880
'SPB-12831','2018-04-23 18:01:59','1256',8,'2018-04-23 18:16:04','1241',5,13,1790
'SPB-10096','2018-04-23 18:02:15','594',10,'2018-04-23 18:07:09','529',4,4,530
'SPB-09964','2018-04-23 18:04:29','2323',1,'2018-04-23 18:09:28','2321',10,4,720
'SPB-07779','2018-04-23 18:06:44','508',2,'2018-04-23 19:21:36','1533',5,71,13690
'SPB-06088','2018-04-23 18:07:33','112',3,'2018-04-23 18:54:29','109',1,46,2340
'SPB-06764','2018-04-23 18:09:19','2317',10,'2018-04-23 18:27:15','1269',3,17,3570
'SPB-05617','2018-04-23 18:11:28','1351',5,'2018-04-23 18:16:02','1308',1,4,590
'SPB-12936','2018-04-23 18:12:16','409',10,'2018-04-23 18:22:54','421',1,10,2200
'SPB-05616','2018-04-23 18:12:38','716',1,'2018-04-23 18:51:51','1827',14,38,8460
'SPB-06112','2018-04-23 18:12:59','1834',1,'2018-04-23 18:26:31','1824',1,13,2410
'SPB-08389','2018-04-23 18:15:16','180',8,'2018-04-23 19:06:13','142',7,48,1250
'SPB-08821','2018-04-23 18:15:36','346',9,'2018-04-23 18:33:08','320',1,16,2710
'SPB-03120','2018-04-23 18:16:43','276',9,'2018-04-23 19:01:04','276',9,43,4330
'SPB-11119','2018-04-23 18:17:41','1248',4,'2018-04-23 18:58:36','1210',30,39,4950
'SPB-04445','2018-04-23 18:20:17','415',4,'2018-04-23 18:38:41','133',4,18,1640
'SPB-11226','2018-04-23 18:20:36','415',7,'2018-04-23 18:37:46','133',3,17,1630
'SPB-03547','2018-04-23 18:21:07','240',9,'2018-04-23 18:34:33','244',20,13,2010
'SPB-08431','2018-04-23 18:22:45','901',8,'2018-04-23 18:28:24','907',3,5,970
'SPB-04951','2018-04-23 18:25:38','314',1,'2018-04-23 20:09:15','311',1,103,2710
'SPB-11547','2018-04-23 18:26:25','2268',1,'2018-04-23 18:45:57','2244',19,18,3570
'SPB-06370','2018-04-23 18:29:57','1963',4,'2018-04-23 18:34:33','1840',13,4,680
'SPB-11647','2018-04-23 18:31:12','370',2,'2018-04-23 18:42:37','385',4,11,1500
'SPB-10302','2018-04-23 18:31:20','334',9,'2018-04-23 18:37:55','345',4,6,700
'SPB-06237','2018-04-23 18:31:35','633',4,'2018-04-23 18:43:33','630',2,11,1240
'SPB-12823','2018-04-23 18:32:18','260',1,'2018-04-23 18:56:38','243',1,24,3120
'SPB-13055','2018-04-23 18:34:16','409',16,'2018-04-23 18:42:04','413',3,7,1260
'SPB-15864','2018-04-23 18:34:24','344',7,'2018-04-23 19:32:43','316',12,57,4000
'SPB-09882','2018-04-23 18:34:38','311',17,'2018-04-23 18:50:48','301',12,15,1280
'SPB-04757','2018-04-23 18:35:15','369',18,'2018-04-23 18:40:15','302',1,4,540
'SPB-05380','2018-04-23 18:36:41','562',10,'2018-04-23 19:06:00','562',10,28,2160
'SPB-08782','2018-04-23 18:36:43','1102',5,'2018-04-23 18:44:03','1108',1,7,1200
'SPB-09697','2018-04-23 18:37:56','514',2,'2018-04-23 18:51:02','3504',3,12,1560
'SPB-09718','2018-04-23 18:38:23','1206',10,'2018-04-23 20:00:55','1221',4,78,51530
'SPB-13090','2018-04-23 18:42:57','373',6,'2018-04-23 20:45:26','347',1,112,2910
'SPB-12732','2018-04-23 18:45:32','2355',20,'2018-04-23 20:35:00','2302',5,102,9310
'SPB-09934','2018-04-23 18:46:07','152',4,'2018-04-23 18:57:27','421',5,10,54350
'SPB-04504','2018-04-23 18:49:21','636',3,'2018-04-23 18:54:47','640',1,5,1010
'SPB-04712','2018-04-23 18:54:28','637',10,'2018-04-23 19:03:17','1321',3,8,1080
'SPB-11119','2018-04-23 18:58:53','1210',30,'2018-04-23 19:25:22','1210',29,25,3100
'SPB-08821','2018-04-23 19:00:22','320',1,'2018-04-23 19:09:21','307',5,8,1450
'SPB-00107','2018-04-23 19:00:48','1912',10,'2018-04-23 19:29:57','1912',7,28,820
'SPB-12186','2018-04-23 19:01:04','115',1,'2018-04-23 19:08:30','3102',1,7,1160
'SPB-11812','2018-04-23 19:02:15','411',2,'2018-04-23 19:24:35','178',8,21,2700
'SPB-11109','2018-04-23 19:05:18','168',11,'2018-04-23 19:19:05','178',6,13,1350
'SPB-11249','2018-04-23 19:05:25','921',3,'2018-04-23 19:15:27','906',3,9,1390
'SPB-10922','2018-04-23 19:07:40','1682',1,'2018-04-23 19:19:10','1668',1,11,2140
'SPB-05811','2018-04-23 19:07:49','188',6,'2018-04-23 19:34:25','117',14,26,4140
'SPB-11789','2018-04-23 19:09:25','111',6,'2018-04-23 19:13:06','118',3,3,690
'SPB-06022','2018-04-23 19:09:44','1673',4,'2018-04-23 19:12:39','1653',9,2,460
'SPB-12478','2018-04-23 19:09:55','1158',5,'2018-04-23 19:20:08','1131',6,9,1660
'SPB-09838','2018-04-23 19:11:19','412',20,'2018-04-23 19:18:34','417',19,6,1160
'SPB-09463','2018-04-23 19:11:57','612',7,'2018-04-23 19:15:21','530',4,3,530
'SPB-11919','2018-04-23 19:13:48','228',3,'2018-04-23 19:19:58','227',6,5,810
'SPB-06564','2018-04-23 19:14:48','1901',3,'2018-04-23 19:23:43','1906',4,8,1300
'SPB-03620','2018-04-23 19:15:06','1535',7,'2018-04-23 19:18:37','1526',6,3,840
'SPB-05455','2018-04-23 19:15:23','184',1,'2018-04-23 19:34:13','175',6,18,3900
'SPB-11477','2018-04-23 19:15:26','1210',14,'2018-04-23 19:41:11','1203',20,23,3660
'SPB-10265','2018-04-23 19:19:21','229',19,'2018-04-23 20:19:09','703',12,56,8300
'SPB-08660','2018-04-23 19:19:45','525',3,'2018-04-23 19:36:11','537',1,15,1550
'SPB-09263','2018-04-23 19:23:47','2102',20,'2018-04-23 20:14:57','726',2,46,8520
'SPB-12660','2018-04-23 19:24:27','1501',8,'2018-04-23 21:23:54','1514',4,116,3110
'SPB-08630','2018-04-23 19:27:31','213',1,'2018-04-23 19:40:10','274',10,12,1260
'SPB-04193','2018-04-23 19:27:37','3507',4,'2018-04-23 19:30:54','573',10,2,620
'SPB-11155','2018-04-23 19:30:20','1912',6,'2018-04-23 20:25:40','2020',6,55,5590
'SPB-13103','2018-04-23 19:30:48','589',6,'2018-04-23 19:35:57','585',5,4,770
'SPB-12586','2018-04-23 19:32:46','206',17,'2018-04-23 19:43:42','216',10,10,1310
'SPB-15864','2018-04-23 19:33:00','316',12,'2018-04-23 19:51:01','344',7,17,3070
'SPB-03276','2018-04-23 19:34:22','583',10,'2018-04-23 19:47:41','538',10,12,1850
'SPB-13100','2018-04-23 19:35:37','1421',19,'2018-04-23 19:41:14','1436',9,5,1000
'SPB-07719','2018-04-23 19:35:49','1656',10,'2018-04-23 20:07:35','1620',1,31,1930
'SPB-07483','2018-04-23 19:37:58','3523',5,'2018-04-23 19:41:11','591',2,3,410
'SPB-06325','2018-04-23 19:38:21','1158',7,'2018-04-23 20:34:25','1124',10,55,2100
'SPB-10627','2018-04-23 19:38:33','1248',16,'2018-04-23 19:47:48','1215',5,8,1010
'SPB-01853','2018-04-23 19:40:25','590',7,'2018-04-23 19:46:16','3523',5,5,910
'SPB-03647','2018-04-23 19:41:06','609',18,'2018-04-23 19:50:55','1323',7,9,1670
'SPB-10458','2018-04-23 19:41:19','217',3,'2018-04-23 20:05:17','832',3,23,20620
'SPB-09651','2018-04-23 19:41:42','1510',9,'2018-04-23 20:06:10','1503',8,23,2190
'SPB-11153','2018-04-23 19:43:14','1535',9,'2018-04-23 19:49:31','1506',2,5,1270
'SPB-06202','2018-04-23 19:43:22','2369',10,'2018-04-23 20:31:52','3505',4,48,6750
'SPB-13083','2018-04-23 19:43:31','1510',1,'2018-04-23 20:06:19','1503',4,20,2660
'SPB-12519','2018-04-23 19:44:49','1610',2,'2018-04-23 20:10:40','1411',10,23,3820
'SPB-12382','2018-04-23 19:48:26','1128',7,'2018-04-23 19:59:19','713',1,10,1860
'SPB-05328','2018-04-23 19:50:04','1106',4,'2018-04-23 19:54:50','1149',3,4,830
'SPB-00824','2018-04-23 19:51:14','1706',5,'2018-04-23 19:59:24','1721',4,7,1670
'SPB-07943','2018-04-23 19:52:14','501',13,'2018-04-23 20:21:56','590',2,27,3120
'SPB-12237','2018-04-23 19:53:22','277',2,'2018-04-23 20:09:04','232',1,15,1850
'SPB-10865','2018-04-23 19:55:51','1660',4,'2018-04-23 20:20:01','1611',17,23,3090
'SPB-08310','2018-04-23 19:56:10','578',1,'2018-04-23 19:58:31','563',8,2,27940
'SPB-15654','2018-04-23 19:56:13','316',9,'2018-04-23 20:00:44','307',6,4,900
'SPB-07577','2018-04-23 19:56:25','1122',10,'2018-04-23 22:16:53','1323',9,135,28710
'SPB-10352','2018-04-23 19:57:03','1512',16,'2018-04-23 20:12:53','1540',1,15,1650
'SPB-04716','2018-04-23 19:58:26','410',6,'2018-04-23 20:34:12','401',8,35,2130
'SPB-09098','2018-04-23 20:01:24','1035',13,'2018-04-23 20:35:41','1047',8,33,3760
'SPB-12564','2018-04-23 20:02:32','1623',7,'2018-04-23 20:14:43','1608',4,11,1630
'SPB-07728','2018-04-23 20:03:55','1846',1,'2018-04-23 20:06:56','1819',10,2,530
'SPB-08914','2018-04-23 20:06:51','1637',6,'2018-04-23 20:14:58','1625',6,7,760
'SPB-07465','2018-04-23 20:07:34','1531',5,'2018-04-23 20:15:26','1501',8,7,1300
'SPB-12686','2018-04-23 20:08:11','2297',3,'2018-04-23 20:13:24','2233',1,5,920
'SPB-12418','2018-04-23 20:12:34','1233',6,'2018-04-23 22:11:20','1233',6,115,2820
'SPB-11025','2018-04-23 20:13:10','1611',20,'2018-04-23 20:29:59','1602',9,15,2170
'SPB-11601','2018-04-23 20:16:19','516',2,'2018-04-23 20:23:38','540',8,7,1430
'SPB-11881','2018-04-23 20:16:54','356',7,'2018-04-23 20:19:24','345',1,2,470
'SPB-10638','2018-04-23 20:17:39','116',1,'2018-04-23 21:23:15','113',7,65,29010
'SPB-12190','2018-04-23 20:21:50','259',2,'2018-04-23 20:27:15','223',16,5,820
'SPB-01210','2018-04-23 20:22:23','1018',2,'2018-04-23 20:27:24','1215',8,4,990
'SPB-08538','2018-04-23 20:23:29','1659',5,'2018-04-23 20:57:05','606',1,33,8600
'SPB-03410','2018-04-23 20:24:10','222',10,'2018-04-23 20:31:26','222',12,6,930
'SPB-09934','2018-04-23 20:24:18','421',5,'2018-04-23 20:40:55','152',1,16,1730
'SPB-12478','2018-04-23 20:24:35','1131',6,'2018-04-23 20:41:23','1132',1,15,2500
'SPB-07763','2018-04-23 20:28:04','1259',2,'2018-04-23 20:34:07','1213',8,5,800
'SPB-09297','2018-04-23 20:28:49','2127',5,'2018-04-23 20:40:02','2157',8,10,1760
'SPB-11893','2018-04-23 20:29:03','313',5,'2018-04-23 20:38:54','370',8,9,1040
'SPB-07483','2018-04-23 20:29:51','591',2,'2018-04-23 20:36:36','501',15,6,1000
'SPB-08015','2018-04-23 20:30:33','2255',15,'2018-04-23 20:40:01','2263',7,9,1600
'SPB-09050','2018-04-23 20:33:53','1906',20,'2018-04-23 20:50:13','1911',10,15,3010
'SPB-02082','2018-04-23 20:34:30','1210',18,'2018-04-23 21:05:39','2328',5,30,5790
'SPB-12732','2018-04-23 20:35:26','2302',5,'2018-04-23 21:44:12','2306',9,64,7260
'SPB-08564','2018-04-23 20:35:28','576',3,'2018-04-23 20:55:46','1004',1,18,2520
'SPB-05469','2018-04-23 20:38:19','1637',13,'2018-04-23 20:48:33','1620',8,9,1240
'SPB-14978','2018-04-23 20:42:15','549',10,'2018-04-23 20:47:28','3520',3,4,1270
'SPB-08840','2018-04-23 20:42:47','105',2,'2018-04-23 21:08:32','220',27,24,5450
'SPB-12180','2018-04-23 20:43:10','1210',8,'2018-04-23 20:48:43','1211',6,5,900
'SPB-06603','2018-04-23 20:46:08','1447',4,'2018-04-23 20:53:20','1446',10,6,1080
'SPB-11133','2018-04-23 20:46:23','2107',1,'2018-04-23 20:55:29','2102',14,9,1730
'SPB-13080','2018-04-23 20:48:27','3513',1,'2018-04-23 20:51:42','3514',10,3,620
'SPB-12706','2018-04-23 20:52:25','134',5,'2018-04-23 20:54:49','140',6,2,390
'SPB-05455','2018-04-23 20:54:55','175',6,'2018-04-23 21:03:47','179',3,8,2070
'SPB-08260','2018-04-23 20:56:12','237',16,'2018-04-23 21:02:31','2016',3,5,1240
'SPB-05841','2018-04-23 20:58:34','703',3,'2018-04-23 22:19:54','703',9,80,1060
'SPB-00025','2018-04-23 21:00:06','272',8,'2018-04-23 21:10:38','227',1,10,2320
'SPB-04451','2018-04-23 21:02:26','1035',9,'2018-04-23 21:10:48','1016',5,7,1780
'SPB-01001','2018-04-23 21:02:55','1014',7,'2018-04-23 21:17:07','1041',6,13,2110
'SPB-09999','2018-04-23 21:03:54','1227',5,'2018-04-23 21:17:59','1245',2,13,2950
'SPB-09515','2018-04-23 21:04:09','2362',2,'2018-04-23 21:09:49','2301',5,5,820
'SPB-07761','2018-04-23 21:05:17','2102',6,'2018-04-23 21:20:58','2107',1,14,1430
'SPB-02082','2018-04-23 21:05:58','2328',5,'2018-04-23 21:25:19','2239',9,19,3700
'SPB-12839','2018-04-23 21:06:18','1012',12,'2018-04-23 21:21:20','1008',1,14,1850
'SPB-07345','2018-04-23 21:06:52','514',1,'2018-04-23 21:28:41','504',2,20,2890
'SPB-07636','2018-04-23 21:07:02','1001',6,'2018-04-23 21:23:16','1019',3,15,2280
'SPB-11594','2018-04-23 21:07:20','2335',4,'2018-04-23 21:13:22','2368',5,6,1010
'SPB-11789','2018-04-23 21:07:46','118',3,'2018-04-23 21:36:38','257',5,28,4600
'SPB-02358','2018-04-23 21:08:52','1220',6,'2018-04-23 21:13:58','1222',3,4,940
'SPB-12941','2018-04-23 21:09:04','416',11,'2018-04-23 21:16:36','199',2,7,1410
'SPB-10302','2018-04-23 21:09:09','345',4,'2018-04-23 21:13:53','334',2,4,890
'SPB-11119','2018-04-23 21:10:10','1210',29,'2018-04-23 21:25:24','1218',6,14,33680
'SPB-12791','2018-04-23 21:12:02','166',4,'2018-04-23 21:24:52','107',2,13,2610
'SPB-07483','2018-04-23 21:13:07','501',15,'2018-04-23 21:25:29','540',5,12,1720
'SPB-02688','2018-04-23 21:13:36','2303',9,'2018-04-23 21:22:58','2259',8,8,1530
'SPB-00212','2018-04-23 21:14:13','716',4,'2018-04-23 21:19:44','734',2,5,950
'SPB-02615','2018-04-23 21:17:48','3523',3,'2018-04-23 21:24:27','500',10,6,1000
'SPB-07884','2018-04-23 21:18:11','194',9,'2018-04-23 21:34:35','113',1,15,3280
'SPB-09645','2018-04-23 21:18:50','409',19,'2018-04-23 21:25:50','400',1,6,1140
'SPB-12406','2018-04-23 21:19:31','113',8,'2018-04-23 21:30:12','155',6,9,1580
'SPB-04999','2018-04-23 21:20:16','416',8,'2018-04-23 21:31:09','402',9,10,1750
'SPB-11855','2018-04-23 21:20:22','1222',6,'2018-04-23 22:09:47','1251',9,48,3780
'SPB-02824','2018-04-23 21:20:40','2324',1,'2018-04-23 21:34:05','1221',9,13,2350
'SPB-11103','2018-04-23 21:20:49','613',7,'2018-04-23 21:48:06','609',7,27,2970
'SPB-06732','2018-04-23 21:21:24','1222',2,'2018-04-23 21:40:30','515',6,18,3440
'SPB-01853','2018-04-23 21:21:55','3523',5,'2018-04-23 21:26:34','500',7,4,1000
'SPB-10545','2018-04-23 21:22:21','3523',9,'2018-04-23 21:26:30','500',5,3,830
'SPB-04082','2018-04-23 21:22:37','1839',1,'2018-04-23 21:38:56','1819',9,15,2820
'SPB-10465','2018-04-23 21:22:44','2268',10,'2018-04-23 21:34:15','2219',18,11,1980
'SPB-05636','2018-04-23 21:23:08','2242',16,'2018-04-23 21:42:45','2249',1,19,4340
'SPB-07430','2018-04-23 21:24:50','2243',14,'2018-04-23 21:48:52','2337',15,22,4740
'SPB-02980','2018-04-23 21:24:56','1024',9,'2018-04-23 21:36:40','1011',16,11,1830
'SPB-13067','2018-04-23 21:25:01','118',4,'2018-04-23 21:30:24','112',1,5,1070
'SPB-00831','2018-04-23 21:25:24','520',10,'2018-04-23 21:44:34','347',17,18,2240
'SPB-12513','2018-04-23 21:25:36','1929',2,'2018-04-23 21:46:42','708',8,20,2790
'SPB-11714','2018-04-23 21:25:46','1248',2,'2018-04-23 22:17:04','2335',4,49,9780
'SPB-08569','2018-04-23 21:26:45','543',20,'2018-04-23 21:59:25','1014',7,30,6710
'SPB-10256','2018-04-23 21:27:27','1960',7,'2018-04-23 21:30:20','1920',6,2,190
'SPB-09277','2018-04-23 21:27:57','421',8,'2018-04-23 21:45:58','915',2,17,2370
'SPB-12715','2018-04-23 21:28:15','1009',20,'2018-04-23 21:38:34','1019',6,9,1400
'SPB-07486','2018-04-23 21:28:59','339',4,'2018-04-23 21:32:53','359',8,3,590
'SPB-05409','2018-04-23 21:29:19','2305',10,'2018-04-23 21:36:56','2306',1,7,1370
'SPB-05068','2018-04-23 21:30:47','341',8,'2018-04-23 21:37:56','344',8,6,1130
'SPB-12002','2018-04-23 21:32:32','411',3,'2018-04-23 21:35:01','412',20,2,340
'SPB-08477','2018-04-23 21:34:28','812',1,'2018-04-23 21:42:28','819',2,7,740
'SPB-04094','2018-04-23 21:35:14','808',1,'2018-04-23 21:59:24','811',12,23,2680
'SPB-11917','2018-04-23 21:35:43','173',1,'2018-04-23 21:43:19','826',14,7,1370
'SPB-12746','2018-04-23 21:36:25','1211',1,'2018-04-23 22:19:27','1286',7,41,6070
'SPB-11544','2018-04-23 21:36:42','1249',3,'2018-04-23 21:41:44','1205',2,4,820
'SPB-04816','2018-04-23 21:38:59','2111',3,'2018-04-23 21:45:06','2148',8,5,1020
'SPB-12839','2018-04-23 21:39:00','1008',1,'2018-04-23 21:45:55','1032',16,6,1390
'SPB-08299','2018-04-23 21:39:33','356',14,'2018-04-23 21:49:03','380',7,8,1980
'SPB-08153','2018-04-23 21:40:06','262',11,'2018-04-23 21:47:41','1906',6,7,1280
'SPB-06758','2018-04-23 21:41:27','1149',13,'2018-04-23 21:47:20','1113',2,5,930
'SPB-10922','2018-04-23 21:42:07','1668',1,'2018-04-23 21:51:43','1667',10,9,1710
'SPB-09887','2018-04-23 21:42:19','345',14,'2018-04-23 21:45:10','356',15,2,280
'SPB-05495','2018-04-23 21:42:24','2228',3,'2018-04-24 00:07:08','2228',1,144,960
'SPB-14178','2018-04-23 21:42:33','1224',11,'2018-04-23 21:57:16','1209',4,14,3140
'SPB-12397','2018-04-23 21:43:14','710',7,'2018-04-23 23:29:55','710',3,106,2260
'SPB-06731','2018-04-23 21:43:20','579',7,'2018-04-23 22:35:30','837',8,51,8190
'SPB-09125','2018-04-23 21:44:05','1114',1,'2018-04-23 21:53:28','1102',2,8,1450
'SPB-05617','2018-04-23 21:44:27','1308',1,'2018-04-23 22:01:02','631',9,16,3130
'SPB-06624','2018-04-23 21:44:42','202',14,'2018-04-23 21:47:48','210',1,2,560
'SPB-11025','2018-04-23 21:45:00','1602',9,'2018-04-23 22:44:03','1714',7,54,4030
'SPB-08957','2018-04-23 21:46:01','1220',10,'2018-04-23 22:01:58','2325',5,15,2740
'SPB-07304','2018-04-23 21:46:12','1158',9,'2018-04-23 22:02:57','1139',5,15,2810
'SPB-11162','2018-04-23 21:47:17','125',4,'2018-04-23 22:01:02','3102',2,13,2320
'SPB-09034','2018-04-23 21:47:20','817',6,'2018-04-23 21:50:09','816',5,2,480
'SPB-03964','2018-04-23 21:47:25','125',15,'2018-04-23 22:01:01','3102',4,13,2650
'SPB-12723','2018-04-23 21:48:06','912',7,'2018-04-23 21:57:08','901',1,8,1300
'SPB-06037','2018-04-23 21:49:30','1514',1,'2018-04-23 22:54:57','1514',1,65,1410
'SPB-02082','2018-04-23 21:49:59','2239',9,'2018-04-23 21:56:40','2297',3,6,1050
'SPB-03140','2018-04-23 21:51:16','1402',1,'2018-04-23 21:57:17','1456',5,5,770
'SPB-00649','2018-04-23 21:52:22','3102',8,'2018-04-23 22:01:55','170',9,8,1640
'SPB-01548','2018-04-23 21:53:04','1130',3,'2018-04-23 21:56:21','1131',2,2,560
'SPB-03574','2018-04-23 21:53:51','119',10,'2018-04-23 22:07:25','203',11,13,2970
'SPB-10663','2018-04-23 21:55:10','128',20,'2018-04-23 21:59:06','138',1,3,520
'SPB-06448','2018-04-23 21:55:51','1050',8,'2018-04-23 22:03:44','1011',13,7,1160
'SPB-00636','2018-04-23 21:56:21','115',1,'2018-04-23 22:10:02','102',9,13,2020
'SPB-09704','2018-04-23 21:57:33','917',7,'2018-04-23 22:03:04','901',4,5,740
'SPB-09310','2018-04-23 21:57:54','502',9,'2018-04-23 22:04:23','504',1,6,33480
'SPB-11618','2018-04-23 21:58:36','2252',3,'2018-04-23 22:29:12','2368',10,28,3240
'SPB-10722','2018-04-23 21:58:39','177',4,'2018-04-23 22:23:23','166',17,23,1750
'SPB-09244','2018-04-23 21:58:43','2353',6,'2018-04-23 22:40:26','512',4,39,5070
'SPB-12372','2018-04-23 21:59:04','913',6,'2018-04-23 22:09:26','932',10,8,1390
'SPB-10179','2018-04-23 22:00:32','525',2,'2018-04-23 22:09:36','520',3,8,1210
'SPB-09323','2018-04-23 22:00:43','409',23,'2018-04-23 22:47:23','409',20,44,880
'SPB-05805','2018-04-23 22:02:32','1536',14,'2018-04-23 22:17:35','1603',10,14,2590
'SPB-06430','2018-04-23 22:04:00','623',16,'2018-04-23 22:08:47','639',4,4,770
'SPB-09906','2018-04-23 22:05:06','314',8,'2018-04-23 22:11:52','302',12,6,960
'SPB-05563','2018-04-23 22:05:10','2220',10,'2018-04-23 22:23:37','2219',8,17,2030
'SPB-09732','2018-04-23 22:06:07','1126',4,'2018-04-23 22:38:17','1108',8,31,0
'SPB-07332','2018-04-23 22:06:09','253',10,'2018-04-23 22:30:53','241',4,22,1520
'SPB-10865','2018-04-23 22:06:27','1611',17,'2018-04-23 22:23:54','1660',2,16,1930
'SPB-11578','2018-04-23 22:07:21','1354',2,'2018-04-23 22:13:11','1320',2,5,950
'SPB-09246','2018-04-23 22:07:27','266',2,'2018-04-23 22:50:23','2139',5,40,8830
'SPB-07875','2018-04-23 22:07:31','405',8,'2018-04-23 22:10:29','406',3,2,570
'SPB-10681','2018-04-23 22:07:54','1636',5,'2018-04-23 22:17:58','1655',10,9,2030
'SPB-07748','2018-04-23 22:07:57','613',2,'2018-04-23 22:32:08','569',1,23,3590
'SPB-05469','2018-04-23 22:08:00','1620',8,'2018-04-23 22:18:37','1637',13,10,1250
'SPB-11789','2018-04-23 22:09:09','257',5,'2018-04-23 22:23:47','256',7,14,2140
'SPB-03130','2018-04-23 22:09:13','592',1,'2018-04-23 22:48:18','591',3,38,0
'SPB-05007','2018-04-23 22:09:18','913',10,'2018-04-23 22:26:27','933',9,16,1730
'SPB-11728','2018-04-23 22:09:40','625',4,'2018-04-23 22:16:41','642',6,6,1200
'SPB-03998','2018-04-23 22:10:00','136',4,'2018-04-23 22:14:15','125',2,3,1130
'SPB-08579','2018-04-23 22:10:01','1327',1,'2018-04-23 22:22:52','1333',11,12,960
'SPB-11462','2018-04-23 22:10:11','402',17,'2018-04-23 22:15:35','400',3,5,750
'SPB-09729','2018-04-23 22:10:49','1535',3,'2018-04-23 22:18:07','1535',7,7,1040
'SPB-11594','2018-04-23 22:11:17','2368',5,'2018-04-23 22:26:31','2251',1,15,3280
'SPB-08014','2018-04-23 22:11:19','2252',21,'2018-04-23 22:22:07','2243',5,10,2510
'SPB-12002','2018-04-23 22:11:47','412',20,'2018-04-23 22:38:10','182',1,25,4390
'SPB-09757','2018-04-23 22:12:02','386',5,'2018-04-23 22:19:48','341',9,7,1120
'SPB-12618','2018-04-23 22:12:30','702',2,'2018-04-23 22:24:10','1137',9,11,1630
'SPB-12222','2018-04-23 22:12:57','538',7,'2018-04-23 22:19:14','538',11,6,1490
'SPB-03358','2018-04-23 22:13:06','2065',2,'2018-04-23 22:18:58','250',10,5,710
'SPB-07405','2018-04-23 22:13:39','1308',2,'2018-04-23 22:26:06','615',19,11,1180
'SPB-03813','2018-04-23 22:14:40','1406',7,'2018-04-23 22:21:17','1402',8,6,1150
'SPB-07690','2018-04-23 22:16:59','1015',5,'2018-04-23 23:59:50','1034',12,101,1850
'SPB-05764','2018-04-23 22:17:01','1657',2,'2018-04-23 22:31:58','1722',1,14,1510
'SPB-04192','2018-04-23 22:17:21','418',7,'2018-04-23 22:24:24','413',1,6,1150
'SPB-05094','2018-04-23 22:17:27','1150',1,'2018-04-23 22:57:02','1160',16,39,3900
'SPB-05773','2018-04-23 22:17:31','1673',7,'2018-04-23 22:31:35','1712',15,13,1250
'SPB-08940','2018-04-23 22:18:20','240',10,'2018-04-23 22:22:57','262',11,4,420
'SPB-12629','2018-04-23 22:18:47','207',37,'2018-04-23 22:35:46','259',16,16,3680
'SPB-12447','2018-04-23 22:19:03','1719',4,'2018-04-23 22:29:51','1719',4,9,1410
'SPB-11491','2018-04-23 22:19:51','358',7,'2018-04-23 22:26:07','344',1,6,1280
'SPB-08527','2018-04-23 22:20:35','624',7,'2018-04-23 22:31:57','614',1,10,1500
'SPB-10116','2018-04-23 22:20:49','172',6,'2018-04-23 22:27:33','3102',3,6,690
'SPB-14533','2018-04-23 22:21:11','1246',19,'2018-04-23 22:37:22','1286',10,15,2790
'SPB-03000','2018-04-23 22:21:39','1260',3,'2018-04-23 22:33:37','1230',2,11,2110
'SPB-09786','2018-04-23 22:21:58','1719',3,'2018-04-24 00:08:04','1719',9,102,12520
'SPB-01916','2018-04-23 22:22:13','1719',2,'2018-04-24 00:08:05','1719',7,105,12690
'SPB-05811','2018-04-23 22:22:26','117',14,'2018-04-23 22:39:21','164',7,16,4750
'SPB-12263','2018-04-23 22:23:13','3101',9,'2018-04-23 22:40:13','123',18,16,2350
'SPB-03364','2018-04-23 22:23:29','1929',6,'2018-04-23 22:34:52','707',3,11,1950
'SPB-12936','2018-04-23 22:23:35','421',1,'2018-04-23 22:35:18','194',2,11,1820
'SPB-08547','2018-04-23 22:24:03','1985',2,'2018-04-23 22:46:02','275',4,21,3830
'SPB-11645','2018-04-23 22:24:40','710',3,'2018-04-23 22:29:38','1933',9,4,1280
'SPB-00836','2018-04-23 22:25:10','383',11,'2018-04-23 22:28:43','375',7,3,460
'SPB-07869','2018-04-23 22:25:14','2063',7,'2018-04-23 22:35:58','276',3,10,1350
'SPB-10118','2018-04-23 22:25:24','1247',3,'2018-04-23 22:51:34','2344',1,25,3530
'SPB-11320','2018-04-23 22:25:31','1662',5,'2018-04-23 22:30:26','1636',5,4,720
'SPB-05328','2018-04-23 22:25:57','1149',3,'2018-04-23 22:32:29','1106',8,6,870
'SPB-02361','2018-04-23 22:26:15','1149',5,'2018-04-23 23:10:03','1152',6,43,5530
'SPB-02801','2018-04-23 22:26:28','211',1,'2018-04-23 22:31:37','203',3,4,890
'SPB-10237','2018-04-23 22:27:24','905',1,'2018-04-23 22:56:40','933',6,28,2810
'SPB-09297','2018-04-23 22:27:37','2157',8,'2018-04-23 22:38:33','2127',5,9,2030
'SPB-07461','2018-04-23 22:28:16','194',5,'2018-04-23 22:47:17','141',20,18,1620
'SPB-03008','2018-04-23 22:28:28','633',5,'2018-04-23 22:45:59','627',1,17,3480
'SPB-10502','2018-04-23 22:29:22','2360',3,'2018-04-24 00:23:28','2360',4,110,14970
'SPB-12174','2018-04-23 22:29:55','407',4,'2018-04-23 22:55:02','103',8,24,4960
'SPB-05019','2018-04-23 22:29:58','574',6,'2018-04-23 22:40:27','584',12,10,2090
'SPB-11013','2018-04-23 22:30:45','1160',3,'2018-04-23 22:34:38','1166',1,3,800
'SPB-07912','2018-04-23 22:30:46','239',4,'2018-04-23 22:46:48','231',1,15,1440
'SPB-12517','2018-04-23 22:30:52','1906',14,'2018-04-23 22:44:44','1904',2,12,1260
'SPB-08940','2018-04-23 22:31:01','262',11,'2018-04-23 22:38:39','1904',7,7,570
'SPB-11646','2018-04-23 22:31:11','1209',17,'2018-04-23 22:36:31','1226',8,5,770
'SPB-09508','2018-04-23 22:31:44','613',5,'2018-04-23 22:35:48','361',5,3,760
'SPB-10076','2018-04-23 22:32:43','1705',3,'2018-04-23 22:44:44','1712',12,11,2210
'SPB-12479','2018-04-23 22:33:29','1201',1,'2018-04-23 23:13:35','2325',3,36,6710
'SPB-06608','2018-04-23 22:33:46','2122',6,'2018-04-23 22:54:28','2059',8,20,5360
'SPB-03910','2018-04-23 22:33:46','1229',1,'2018-04-23 23:04:11','1251',7,30,4640
'SPB-06294','2018-04-23 22:33:48','368',4,'2018-04-23 22:37:07','320',4,2,610
'SPB-08731','2018-04-23 22:34:35','358',4,'2018-04-23 22:39:23','359',1,4,840
'SPB-05498','2018-04-23 22:35:02','949',7,'2018-04-23 22:38:54','952',3,3,650
'SPB-05855','2018-04-23 22:36:02','1659',1,'2018-04-23 22:43:12','1669',1,6,1280
'SPB-06731','2018-04-23 22:36:14','837',8,'2018-04-23 22:42:33','837',8,5,0
'SPB-06577','2018-04-23 22:36:31','568',9,'2018-04-23 22:39:43','613',1,2,520
'SPB-06332','2018-04-23 22:36:31','260',10,'2018-04-23 23:07:15','1159',3,30,8130
'SPB-12669','2018-04-23 22:36:38','1653',1,'2018-04-23 22:50:40','1682',1,13,2040
'SPB-11388','2018-04-23 22:36:46','201',3,'2018-04-23 22:53:20','118',3,16,2360
'SPB-10750','2018-04-23 22:37:19','1117',4,'2018-04-23 23:17:47','131',11,40,8420
'SPB-07465','2018-04-23 22:37:36','1501',8,'2018-04-23 22:44:49','1531',10,6,1120
'SPB-02492','2018-04-23 22:38:35','111',10,'2018-04-23 22:52:34','153',6,13,2620
'SPB-11676','2018-04-23 22:38:59','1941',9,'2018-04-23 22:49:39','1981',2,10,1970
'SPB-11922','2018-04-23 22:39:01','1514',5,'2018-04-23 22:59:49','1707',11,20,2310
'SPB-12019','2018-04-23 22:39:15','1619',6,'2018-04-23 22:55:51','1635',1,15,3420
'SPB-12636','2018-04-23 22:39:28','179',2,'2018-04-23 22:43:17','165',8,3,700
'SPB-13209','2018-04-23 22:40:08','2128',1,'2018-04-23 22:47:20','2148',3,6,1200
'SPB-08244','2018-04-23 22:40:38','368',2,'2018-04-23 22:50:10','173',7,9,1470
'SPB-12791','2018-04-23 22:40:43','107',2,'2018-04-23 22:54:51','165',7,14,2420
'SPB-04038','2018-04-23 22:41:09','1831',10,'2018-04-23 22:45:49','1814',7,4,620
'SPB-07847','2018-04-23 22:41:17','638',4,'2018-04-23 22:45:25','623',11,3,830
'SPB-09244','2018-04-23 22:41:34','512',4,'2018-04-23 23:11:44','1444',3,28,3350
'SPB-08999','2018-04-23 22:41:37','1231',7,'2018-04-23 23:07:49','1201',4,23,2850
'SPB-11539','2018-04-23 22:42:15','509',8,'2018-04-23 22:46:36','589',6,4,780
'SPB-13796','2018-04-23 22:42:46','747',8,'2018-04-23 23:03:26','700',9,20,3250
'SPB-00395','2018-04-23 22:43:12','1925',6,'2018-04-23 23:12:24','230',1,28,5460
'SPB-05469','2018-04-23 22:43:26','1637',13,'2018-04-23 23:29:18','1666',10,45,7590
'SPB-11346','2018-04-23 22:43:27','1851',6,'2018-04-23 22:53:13','1957',1,9,1730
'SPB-08587','2018-04-23 22:43:49','1124',3,'2018-04-23 23:00:25','1131',4,16,2810
'SPB-10675','2018-04-23 22:44:06','194',6,'2018-04-23 22:56:06','131',23,11,2010
'SPB-11947','2018-04-23 22:44:07','1217',3,'2018-04-23 22:56:15','1263',1,12,880
'SPB-12190','2018-04-23 22:44:45','223',16,'2018-04-23 22:50:12','259',7,5,750
'SPB-08433','2018-04-23 22:44:57','501',2,'2018-04-23 23:14:17','503',14,27,2180
'SPB-03031','2018-04-23 22:45:02','1619',1,'2018-04-23 22:49:24','1681',1,4,830
'SPB-06083','2018-04-23 22:45:49','568',5,'2018-04-23 22:50:43','378',10,4,810
'SPB-07483','2018-04-23 22:45:54','540',5,'2018-04-23 22:49:08','3509',18,3,540
'SPB-12454','2018-04-23 22:45:57','389',1,'2018-04-23 22:56:26','330',3,10,920
'SPB-10594','2018-04-23 22:46:00','2327',15,'2018-04-23 22:57:03','2279',1,10,2010
'SPB-12726','2018-04-23 22:46:01','242',2,'2018-04-23 22:52:45','279',4,6,1180
'SPB-10608','2018-04-23 22:46:09','1925',11,'2018-04-23 22:58:28','1904',8,11,2470
'SPB-10518','2018-04-23 22:46:30','159',3,'2018-04-23 22:57:45','122',5,10,1430
'SPB-11107','2018-04-23 22:46:33','389',5,'2018-04-23 22:56:21','330',2,9,1320
'SPB-13203','2018-04-23 22:46:50','2230',6,'2018-04-23 22:50:20','2224',6,3,570
'SPB-12918','2018-04-23 22:46:57','1321',9,'2018-04-23 23:11:28','1539',4,23,6410
'SPB-12296','2018-04-23 22:47:04','329',3,'2018-04-23 23:18:14','1321',14,28,5380
'SPB-11453','2018-04-23 22:47:21','1267',3,'2018-04-23 22:58:32','1218',7,11,1050
'SPB-11132','2018-04-23 22:47:32','1228',1,'2018-04-23 22:56:15','1271',2,8,1400
'SPB-07959','2018-04-23 22:47:36','1217',14,'2018-04-23 23:04:02','1243',18,15,1510
'SPB-06629','2018-04-23 22:48:11','1248',15,'2018-04-23 22:53:13','1259',5,4,1030
'SPB-07854','2018-04-23 22:48:21','1120',9,'2018-04-23 22:55:58','1118',7,7,1300
'SPB-09323','2018-04-23 22:48:51','409',20,'2018-04-23 23:35:35','416',10,44,1580
'SPB-04230','2018-04-23 22:48:52','1941',8,'2018-04-23 23:27:12','1127',1,38,6890
'SPB-02406','2018-04-23 22:48:57','1440',8,'2018-04-23 22:57:15','1411',9,7,990
'SPB-10716','2018-04-23 22:49:00','391',8,'2018-04-23 23:00:06','158',7,10,1610
'SPB-09579','2018-04-23 22:49:01','270',10,'2018-04-23 23:09:54','2013',8,20,3520
'SPB-08338','2018-04-23 22:49:16','2327',3,'2018-04-23 23:14:49','2249',8,24,4800
'SPB-08133','2018-04-23 22:49:21','610',6,'2018-04-23 22:53:11','631',7,3,710
'SPB-00571','2018-04-23 22:49:26','421',3,'2018-04-23 22:58:49','415',10,9,1760
'SPB-11764','2018-04-23 22:49:34','192',7,'2018-04-23 22:54:09','155',9,4,980
'SPB-11992','2018-04-23 22:49:56','2141',12,'2018-04-23 22:55:33','2140',7,5,1040
'SPB-08481','2018-04-23 22:50:11','1328',3,'2018-04-23 23:38:32','1321',12,47,8180
'SPB-09900','2018-04-23 22:50:41','1914',7,'2018-04-23 23:27:32','2141',2,35,6680
'SPB-09753','2018-04-23 22:51:01','1211',5,'2018-04-23 23:06:58','1289',3,15,2980
'SPB-12784','2018-04-23 22:51:03','156',1,'2018-04-23 23:03:02','126',7,11,980
'SPB-08848','2018-04-23 22:51:11','1149',1,'2018-04-23 22:58:51','1109',6,6,1270
'SPB-10615','2018-04-23 22:51:48','315',2,'2018-04-23 23:06:03','349',7,14,2490
'SPB-11546','2018-04-23 22:52:04','3515',16,'2018-04-23 23:00:13','509',3,8,1080
'SPB-12941','2018-04-23 22:52:08','199',2,'2018-04-23 23:03:22','416',12,11,1530
'SPB-09982','2018-04-23 22:52:08','514',6,'2018-04-23 23:13:11','521',14,19,3540
'SPB-11277','2018-04-23 22:52:31','126',18,'2018-04-23 22:57:32','143',4,4,830
'SPB-01731','2018-04-23 22:52:56','1673',3,'2018-04-23 23:33:07','1451',3,39,8090
'SPB-10828','2018-04-23 22:53:03','590',1,'2018-04-23 23:01:33','548',2,8,1470
'SPB-11594','2018-04-23 22:53:39','2251',1,'2018-04-23 22:56:30','2255',7,2,530
'SPB-01577','2018-04-23 22:53:57','107',5,'2018-04-23 23:02:00','105',5,7,1260
'SPB-05488','2018-04-23 22:54:41','1006',10,'2018-04-24 00:10:09','1006',11,75,3830
'SPB-10127','2018-04-23 22:54:53','1206',13,'2018-04-23 23:05:58','1221',5,10,1390
'SPB-02443','2018-04-23 22:55:24','507',1,'2018-04-23 23:21:35','631',1,25,4080
'SPB-10076','2018-04-23 22:55:39','1712',12,'2018-04-23 23:16:25','1620',3,20,2710
'SPB-05019','2018-04-23 22:55:51','584',12,'2018-04-23 23:13:18','584',12,17,2160
'SPB-10916','2018-04-23 22:56:07','338',3,'2018-04-23 23:03:36','345',6,7,830
'SPB-06703','2018-04-23 22:56:09','1403',5,'2018-04-23 23:05:13','1405',3,8,1660
'SPB-13694','2018-04-23 22:57:05','3523',2,'2018-04-23 23:00:31','590',1,3,880
'SPB-10515','2018-04-23 22:57:16','126',20,'2018-04-23 23:02:34','143',7,5,1110
'SPB-06503','2018-04-23 22:57:26','605',1,'2018-04-23 23:12:09','624',7,14,2000
'SPB-11714','2018-04-23 22:57:44','2335',4,'2018-04-23 23:04:41','2339',6,6,870
'SPB-10745','2018-04-23 22:57:56','584',2,'2018-04-23 23:13:37','3510',9,15,2710
'SPB-11025','2018-04-23 22:58:30','1714',7,'2018-04-23 23:13:15','1637',1,13,2750
'SPB-01853','2018-04-23 22:58:53','500',7,'2018-04-23 23:06:42','3523',9,7,1230
'SPB-11897','2018-04-23 22:59:07','250',1,'2018-04-23 23:07:39','2050',4,8,480
'SPB-03254','2018-04-23 23:00:05','505',1,'2018-04-23 23:05:19','573',8,4,1160
'SPB-00576','2018-04-23 23:00:05','1271',11,'2018-04-23 23:17:01','1218',2,16,2380
'SPB-00656','2018-04-23 23:00:16','301',11,'2018-04-23 23:42:55','375',2,42,6050
'SPB-10024','2018-04-23 23:00:24','388',10,'2018-04-23 23:32:44','304',1,31,3650
'SPB-10341','2018-04-23 23:00:52','2335',8,'2018-04-23 23:06:06','2339',1,5,920
'SPB-09852','2018-04-23 23:01:03','916',5,'2018-04-23 23:09:50','901',5,8,35760
'SPB-07700','2018-04-23 23:01:05','712',13,'2018-04-23 23:09:23','737',4,7,1280
'SPB-09321','2018-04-23 23:01:39','262',10,'2018-04-23 23:15:45','1906',18,12,24880
'SPB-07847','2018-04-23 23:01:40','623',11,'2018-04-23 23:11:31','624',6,9,1330
'SPB-02751','2018-04-23 23:01:56','140',13,'2018-04-23 23:26:16','173',6,23,3270
'SPB-02256','2018-04-23 23:01:56','1940',10,'2018-04-23 23:44:27','1964',5,42,11980
'SPB-02528','2018-04-23 23:01:57','1440',6,'2018-04-23 23:12:48','1457',1,10,1470
'SPB-12930','2018-04-23 23:02:01','1038',9,'2018-04-23 23:04:26','1021',11,2,640
'SPB-07762','2018-04-23 23:02:07','1440',3,'2018-04-23 23:24:10','626',5,21,4200
'SPB-09159','2018-04-23 23:02:17','1278',2,'2018-04-23 23:26:10','1212',5,23,2170
'SPB-06266','2018-04-23 23:02:17','1985',5,'2018-04-23 23:27:10','2107',10,24,6330
'SPB-02488','2018-04-23 23:02:35','622',6,'2018-04-23 23:39:53','509',17,36,6590
'SPB-06064','2018-04-23 23:02:38','1946',10,'2018-04-23 23:10:36','1925',16,7,1440
'SPB-05275','2018-04-23 23:02:41','1911',8,'2018-04-23 23:32:50','253',10,29,4450
'SPB-11079','2018-04-23 23:02:48','245',2,'2018-04-23 23:24:31','151',9,20,3620
'SPB-09050','2018-04-23 23:03:05','1911',10,'2018-04-23 23:33:51','253',5,29,3280
'SPB-11243','2018-04-23 23:03:24','3513',10,'2018-04-23 23:06:20','3514',4,2,520
'SPB-10325','2018-04-23 23:03:48','301',14,'2018-04-23 23:31:41','919',5,27,5600
'SPB-14487','2018-04-23 23:03:50','106',3,'2018-04-23 23:09:46','101',2,5,810
'SPB-12154','2018-04-23 23:04:37','559',2,'2018-04-23 23:12:41','557',9,7,1580
'SPB-04981','2018-04-23 23:04:41','3508',7,'2018-04-24 00:26:28','3508',2,81,20310
'SPB-03410','2018-04-23 23:04:44','222',12,'2018-04-23 23:11:58','207',23,6,1310
'SPB-03696','2018-04-23 23:05:15','1960',1,'2018-04-23 23:23:57','1965',14,18,3390
'SPB-10859','2018-04-23 23:05:38','338',11,'2018-04-23 23:40:55','624',9,33,5920
'SPB-07757','2018-04-23 23:05:50','1316',4,'2018-04-23 23:10:24','1314',2,4,930
'SPB-08797','2018-04-23 23:06:06','122',8,'2018-04-23 23:26:05','111',1,19,1740
'SPB-05909','2018-04-23 23:06:23','551',4,'2018-04-23 23:33:27','553',3,26,5560
'SPB-06703','2018-04-23 23:06:34','1405',3,'2018-04-23 23:13:26','1436',7,6,1320
'SPB-05924','2018-04-23 23:07:01','1416',9,'2018-04-23 23:15:59','1440',7,8,1390
'SPB-11585','2018-04-23 23:07:02','114',12,'2018-04-23 23:17:17','155',10,9,1740
'SPB-02934','2018-04-23 23:07:02','388',9,'2018-04-23 23:17:42','1303',10,10,1610
'SPB-09303','2018-04-23 23:07:15','167',3,'2018-04-23 23:25:47','932',5,17,3450
'SPB-11886','2018-04-23 23:07:24','733',7,'2018-04-23 23:27:05','713',5,19,2550
'SPB-09748','2018-04-23 23:07:28','609',13,'2018-04-23 23:44:54','609',11,36,65150
'SPB-12464','2018-04-23 23:07:56','201',2,'2018-04-23 23:30:33','2009',1,21,4330
'SPB-05455','2018-04-23 23:07:58','179',3,'2018-04-23 23:17:36','175',1,9,2050
'SPB-10771','2018-04-23 23:08:08','948',1,'2018-04-23 23:16:17','164',1,7,970
'SPB-08999','2018-04-23 23:08:11','1201',4,'2018-04-23 23:37:46','2344',2,26,4260
'SPB-10237','2018-04-23 23:08:22','933',6,'2018-04-23 23:20:30','931',1,11,1340
'SPB-10594','2018-04-23 23:08:42','2279',1,'2018-04-23 23:42:58','2279',1,31,1590
'SPB-12373','2018-04-23 23:08:59','1961',5,'2018-04-23 23:24:26','703',4,14,2810
'SPB-07547','2018-04-23 23:09:05','2207',7,'2018-04-23 23:38:20','2252',2,27,3430
'SPB-00942','2018-04-23 23:09:39','3506',5,'2018-04-23 23:13:09','585',8,3,600
'SPB-11650','2018-04-23 23:09:48','829',6,'2018-04-24 00:42:27','1654',7,88,25160
'SPB-10519','2018-04-23 23:09:53','315',3,'2018-04-23 23:33:47','568',1,22,1290
'SPB-10545','2018-04-23 23:10:11','500',5,'2018-04-24 00:39:29','503',4,82,1600
'SPB-01049','2018-04-23 23:10:22','1437',1,'2018-04-23 23:46:41','1437',1,35,2200
'SPB-12876','2018-04-23 23:10:32','202',9,'2018-04-23 23:30:00','257',8,18,2240
'SPB-07431','2018-04-23 23:10:42','182',5,'2018-04-23 23:22:01','151',1,10,1140
'SPB-05194','2018-04-23 23:10:43','111',7,'2018-04-24 00:05:09','524',7,54,14370
'SPB-09875','2018-04-23 23:10:46','544',17,'2018-04-24 00:00:07','573',4,44,1790
'SPB-11778','2018-04-23 23:11:22','525',19,'2018-04-23 23:47:13','837',3,33,5510
'SPB-07943','2018-04-23 23:11:44','590',2,'2018-04-23 23:17:35','505',10,5,970
'SPB-12791','2018-04-23 23:11:46','165',7,'2018-04-23 23:18:38','155',15,6,990
'SPB-12823','2018-04-23 23:11:47','243',1,'2018-04-23 23:22:06','268',5,10,1220
'SPB-09342','2018-04-23 23:11:51','2373',15,'2018-04-23 23:34:40','2242',4,22,59280
'SPB-07869','2018-04-23 23:11:58','276',3,'2018-04-23 23:30:31','2016',1,17,3180
'SPB-11181','2018-04-23 23:12:00','1403',7,'2018-04-23 23:24:02','634',5,11,52410
'SPB-07461','2018-04-23 23:12:00','141',20,'2018-04-23 23:29:18','191',9,16,3220
'SPB-02362','2018-04-23 23:12:10','2141',11,'2018-04-23 23:26:24','2109',7,13,2760
'SPB-07504','2018-04-23 23:12:18','1673',5,'2018-04-23 23:34:11','1681',12,21,2910
'SPB-12524','2018-04-23 23:12:31','540',3,'2018-04-23 23:30:12','593',1,17,3860
'SPB-08960','2018-04-23 23:12:36','2293',2,'2018-04-23 23:46:12','2335',4,33,1040
'SPB-00762','2018-04-23 23:12:41','2373',4,'2018-04-23 23:28:58','2325',2,15,1530
'SPB-12935','2018-04-23 23:13:21','2373',3,'2018-04-23 23:30:56','2370',6,16,1940
'SPB-05971','2018-04-23 23:13:21','1611',5,'2018-04-24 00:06:19','1716',9,52,7360
'SPB-02649','2018-04-23 23:13:53','567',5,'2018-04-23 23:17:49','514',2,3,620
'SPB-11491','2018-04-23 23:14:07','344',1,'2018-04-23 23:22:15','388',10,7,1350
'SPB-12776','2018-04-23 23:14:11','1448',2,'2018-04-23 23:42:13','609',6,26,4810
'SPB-10065','2018-04-23 23:14:24','2211',8,'2018-04-23 23:21:06','2298',7,6,470
'SPB-11601','2018-04-23 23:14:57','540',8,'2018-04-23 23:24:53','516',6,9,1630
'SPB-13067','2018-04-23 23:15:33','112',1,'2018-04-23 23:59:30','401',4,41,9870
'SPB-04756','2018-04-23 23:16:16','905',5,'2018-04-23 23:23:53','941',4,7,1610
'SPB-13235','2018-04-23 23:16:27','240',5,'2018-04-23 23:32:52','1901',3,16,2660
'SPB-10775','2018-04-23 23:16:37','2102',8,'2018-04-24 01:10:00','2102',8,102,10960
'SPB-10825','2018-04-23 23:16:58','525',9,'2018-04-23 23:31:06','614',3,14,2790
'SPB-05428','2018-04-23 23:17:18','409',25,'2018-04-23 23:24:45','401',2,7,1370
'SPB-12634','2018-04-23 23:17:25','1528',10,'2018-04-23 23:26:44','1313',1,8,2030
'SPB-08056','2018-04-23 23:17:26','2289',6,'2018-04-23 23:59:16','2119',8,40,4190
'SPB-10728','2018-04-23 23:17:31','203',1,'2018-04-23 23:32:48','245',9,13,2370
'SPB-05510','2018-04-23 23:17:46','1015',2,'2018-04-23 23:22:47','1014',12,4,590
'SPB-05146','2018-04-23 23:17:48','3513',4,'2018-04-23 23:36:24','1355',1,18,3440
'SPB-13129','2018-04-23 23:17:48','2369',9,'2018-04-24 00:55:06','2171',12,88,3300
'SPB-08243','2018-04-23 23:17:52','2102',7,'2018-04-24 01:10:19','2102',7,107,13410
'SPB-07513','2018-04-23 23:18:18','1125',4,'2018-04-23 23:21:28','1124',8,2,610
'SPB-01113','2018-04-23 23:18:38','1438',1,'2018-04-23 23:33:15','1441',7,13,1860
'SPB-02905','2018-04-23 23:18:54','328',1,'2018-04-23 23:22:25','326',15,3,740
'SPB-12746','2018-04-23 23:18:58','1286',7,'2018-04-23 23:26:20','1286',8,7,500
'SPB-04775','2018-04-23 23:19:47','1014',3,'2018-04-23 23:25:26','1004',2,5,1570
'SPB-05007','2018-04-23 23:20:12','933',9,'2018-04-23 23:42:04','930',3,21,2020
'SPB-12592','2018-04-23 23:20:14','1239',7,'2018-04-23 23:42:12','2344',3,20,2990
'SPB-09723','2018-04-23 23:20:25','546',1,'2018-04-23 23:27:51','3504',7,7,1480
'SPB-11170','2018-04-23 23:20:29','408',18,'2018-04-23 23:43:50','131',4,22,3010
'SPB-04656','2018-04-23 23:20:46','561',1,'2018-04-23 23:24:24','582',9,3,560
'SPB-10681','2018-04-23 23:20:53','1655',10,'2018-04-23 23:24:18','1608',9,3,620
'SPB-06080','2018-04-23 23:20:57','329',1,'2018-04-23 23:26:21','339',1,5,1170
'SPB-06131','2018-04-23 23:21:32','539',1,'2018-04-23 23:29:57','643',2,8,1270
'SPB-05479','2018-04-23 23:21:33','199',19,'2018-04-23 23:38:24','914',3,16,3610
'SPB-01514','2018-04-23 23:21:35','1140',12,'2018-04-23 23:47:15','1119',4,25,2980
'SPB-10538','2018-04-23 23:21:47','377',1,'2018-04-23 23:38:33','309',4,16,2840
'SPB-13174','2018-04-23 23:22:05','2007',2,'2018-04-23 23:31:49','257',7,9,1130
'SPB-10516','2018-04-23 23:22:11','163',2,'2018-04-24 01:20:56','188',1,116,1880
'SPB-12901','2018-04-23 23:22:25','539',4,'2018-04-23 23:30:06','643',1,7,1260
'SPB-08639','2018-04-23 23:22:28','1663',16,'2018-04-23 23:35:18','1408',8,12,2440
'SPB-06245','2018-04-23 23:22:30','408',19,'2018-04-23 23:56:58','907',2,34,5200
'SPB-12698','2018-04-23 23:22:44','1222',9,'2018-04-23 23:28:57','1221',8,5,1100
'SPB-12040','2018-04-23 23:22:55','1653',3,'2018-04-23 23:38:25','1670',15,15,1650
'SPB-06312','2018-04-23 23:23:03','311',14,'2018-04-23 23:30:42','329',6,7,1330
'SPB-12114','2018-04-23 23:23:30','311',6,'2018-04-23 23:30:44','329',3,6,46110
'SPB-09950','2018-04-23 23:23:36','1677',1,'2018-04-23 23:42:16','1436',15,17,2770
'SPB-06617','2018-04-23 23:23:48','1354',10,'2018-04-23 23:35:38','614',19,11,1910
'SPB-08625','2018-04-23 23:24:07','1653',6,'2018-04-23 23:34:10','1670',9,9,1870
'SPB-10195','2018-04-23 23:24:31','831',11,'2018-04-23 23:33:54','816',6,8,1900
'SPB-08850','2018-04-23 23:24:53','610',8,'2018-04-23 23:37:01','625',9,11,1260
'SPB-10237','2018-04-23 23:25:16','931',1,'2018-04-23 23:41:07','923',4,15,2420
'SPB-02784','2018-04-23 23:25:16','1501',6,'2018-04-24 00:08:58','1514',9,43,1960
'SPB-09449','2018-04-23 23:26:11','609',19,'2018-04-23 23:34:46','615',3,8,1680
'SPB-11601','2018-04-23 23:26:11','516',6,'2018-04-23 23:38:47','512',4,12,2480
'SPB-12430','2018-04-23 23:26:28','1153',5,'2018-04-23 23:38:03','1125',1,11,780
'SPB-08637','2018-04-23 23:26:53','374',4,'2018-04-23 23:30:18','383',1,3,650
'SPB-10866','2018-04-23 23:26:58','1904',6,'2018-04-23 23:45:46','262',10,17,3930
'SPB-11533','2018-04-23 23:26:59','305',12,'2018-04-23 23:34:36','314',1,7,480
'SPB-10413','2018-04-23 23:27:08','1506',14,'2018-04-23 23:35:15','1506',14,8,780
'SPB-02625','2018-04-23 23:27:11','1611',8,'2018-04-23 23:33:20','1655',3,5,730
'SPB-07523','2018-04-23 23:27:22','342',9,'2018-04-23 23:34:28','1343',5,6,1040
'SPB-08861','2018-04-23 23:28:18','2222',5,'2018-04-23 23:32:04','2281',7,3,610
'SPB-07940','2018-04-23 23:28:37','2139',1,'2018-04-23 23:59:46','1901',1,30,10110
'SPB-09487','2018-04-23 23:28:41','1209',18,'2018-04-23 23:39:41','1269',2,10,1920
'SPB-02470','2018-04-23 23:29:12','950',3,'2018-04-23 23:53:29','905',5,23,4930
'SPB-09616','2018-04-23 23:29:19','1256',5,'2018-04-23 23:32:04','1265',7,2,740
'SPB-06088','2018-04-23 23:29:30','109',1,'2018-04-24 01:02:35','351',8,92,10560
'SPB-15864','2018-04-23 23:30:10','344',7,'2018-04-23 23:37:43','344',7,7,570
'SPB-11261','2018-04-23 23:31:00','3513',5,'2018-04-23 23:34:22','557',6,3,500
'SPB-01889','2018-04-23 23:31:20','243',6,'2018-04-23 23:39:07','240',2,7,1410
'SPB-03969','2018-04-23 23:31:30','1126',1,'2018-04-23 23:39:01','1127',9,7,1160
'SPB-12914','2018-04-23 23:31:40','2342',6,'2018-04-23 23:45:01','1221',1,13,2380
'SPB-08842','2018-04-23 23:32:00','1036',6,'2018-04-23 23:40:00','1006',12,7,1220
'SPB-10240','2018-04-23 23:32:10','328',5,'2018-04-23 23:36:23','331',1,3,490
'SPB-11604','2018-04-23 23:32:37','2219',17,'2018-04-23 23:57:06','2222',1,23,4400
'SPB-07692','2018-04-23 23:33:38','631',12,'2018-04-23 23:41:41','579',5,7,1170
'SPB-09180','2018-04-23 23:33:41','1721',7,'2018-04-23 23:55:17','1640',9,20,4340
'SPB-10024','2018-04-23 23:33:43','304',1,'2018-04-24 00:03:47','356',8,29,5250
'SPB-08053','2018-04-23 23:33:58','1516',9,'2018-04-23 23:46:26','1538',5,11,2320
'SPB-11544','2018-04-23 23:34:15','1205',2,'2018-04-23 23:40:43','1249',10,6,870
'SPB-11259','2018-04-23 23:34:31','2274',6,'2018-04-23 23:39:20','2244',6,4,970
'SPB-07611','2018-04-23 23:34:35','1206',14,'2018-04-24 00:06:55','1260',3,30,4630
'SPB-09559','2018-04-23 23:34:50','1020',6,'2018-04-23 23:48:48','1001',6,13,1990
'SPB-09900','2018-04-23 23:35:47','2141',2,'2018-04-23 23:48:41','2164',6,12,2770
'SPB-12225','2018-04-23 23:35:57','1835',1,'2018-04-24 00:22:46','704',8,44,5390
'SPB-04302','2018-04-23 23:36:02','604',15,'2018-04-23 23:52:57','643',9,16,3150
'SPB-12936','2018-04-23 23:36:20','194',2,'2018-04-23 23:59:08','933',3,22,4600
'SPB-10530','2018-04-23 23:36:31','1132',5,'2018-04-23 23:43:35','700',15,6,1000
'SPB-05855','2018-04-23 23:36:35','1669',1,'2018-04-24 00:08:34','1408',10,31,4240
'SPB-09323','2018-04-23 23:36:46','416',10,'2018-04-23 23:50:30','915',1,13,2020
'SPB-03564','2018-04-23 23:37:13','742',4,'2018-04-24 00:32:58','746',10,55,3160
'SPB-09550','2018-04-23 23:37:18','742',7,'2018-04-24 00:35:28','1136',3,53,3160
'SPB-11534','2018-04-23 23:37:25','1637',5,'2018-04-23 23:48:00','1625',10,9,1790
'SPB-09388','2018-04-23 23:37:46','2309',2,'2018-04-23 23:42:56','2312',5,4,680
'SPB-10459','2018-04-23 23:38:06','140',1,'2018-04-24 00:11:56','121',2,32,2640
'SPB-09246','2018-04-23 23:39:04','2139',5,'2018-04-24 00:11:12','279',10,30,7910
'SPB-07812','2018-04-23 23:39:12','922',1,'2018-04-23 23:47:27','926',1,7,770
'SPB-05813','2018-04-23 23:39:19','1541',4,'2018-04-23 23:50:07','1506',16,10,1900
'SPB-08493','2018-04-23 23:39:20','264',1,'2018-04-23 23:53:43','228',3,13,2370
'SPB-03084','2018-04-23 23:39:23','411',8,'2018-04-23 23:58:10','914',2,18,3460
'SPB-10417','2018-04-23 23:39:48','551',6,'2018-04-23 23:46:00','576',3,5,1080
'SPB-08948','2018-04-23 23:40:11','906',8,'2018-04-23 23:45:40','932',4,5,870
'SPB-08481','2018-04-23 23:40:27','1321',12,'2018-04-23 23:59:49','1328',4,19,1400
'SPB-08583','2018-04-23 23:40:50','1804',1,'2018-04-23 23:46:12','1824',15,4,550
'SPB-09653','2018-04-23 23:40:55','418',5,'2018-04-24 00:07:47','907',10,25,3630
'SPB-08293','2018-04-23 23:41:16','113',4,'2018-04-24 00:03:30','182',5,21,2810
'SPB-10325','2018-04-23 23:42:20','919',5,'2018-04-24 00:33:30','919',2,50,5650
'SPB-11539','2018-04-23 23:42:34','589',6,'2018-04-23 23:53:36','3504',2,10,2040
'SPB-01796','2018-04-23 23:42:36','1709',11,'2018-04-23 23:55:03','1540',10,12,11220
'SPB-11339','2018-04-23 23:43:50','141',4,'2018-04-23 23:55:06','103',12,10,2730
'SPB-00571','2018-04-23 23:44:13','415',10,'2018-04-24 00:00:46','415',9,16,800
'SPB-06232','2018-04-23 23:44:24','1616',1,'2018-04-24 00:01:15','1359',7,16,3150
'SPB-12127','2018-04-23 23:44:52','370',3,'2018-04-23 23:55:21','316',9,9,1400
'SPB-02256','2018-04-23 23:44:59','1964',5,'2018-04-24 00:21:50','1941',8,36,9660
'SPB-00843','2018-04-23 23:45:01','723',15,'2018-04-23 23:53:11','702',2,7,1400
'SPB-05275','2018-04-23 23:45:04','253',10,'2018-04-24 00:04:33','242',13,19,1790
'SPB-05409','2018-04-23 23:45:39','2306',1,'2018-04-23 23:52:37','2308',12,6,790
'SPB-06356','2018-04-23 23:45:39','1129',5,'2018-04-24 00:03:40','1158',9,17,2730
'SPB-02112','2018-04-23 23:46:23','305',15,'2018-04-23 23:49:14','303',2,2,460
'SPB-08429','2018-04-23 23:46:28','607',6,'2018-04-24 00:10:23','1449',15,23,2750
'SPB-04752','2018-04-23 23:46:42','816',10,'2018-04-23 23:52:49','805',8,5,1460
'SPB-07304','2018-04-23 23:46:43','1139',5,'2018-04-23 23:58:27','1119',6,10,1990
'SPB-05563','2018-04-23 23:46:45','2219',8,'2018-04-23 23:56:29','2277',2,9,1830
'SPB-05231','2018-04-23 23:47:09','1011',5,'2018-04-24 00:15:24','1011',1,27,2640
'SPB-01732','2018-04-23 23:48:03','3523',7,'2018-04-24 00:16:58','1048',4,28,7080
'SPB-12300','2018-04-23 23:48:46','943',5,'2018-04-24 00:09:23','427',4,19,4410
'SPB-05377','2018-04-23 23:48:53','746',8,'2018-04-23 23:58:26','726',6,9,1880
'SPB-09241','2018-04-23 23:49:09','1616',2,'2018-04-23 23:55:22','1608',7,6,1080
'SPB-05304','2018-04-23 23:49:24','1126',7,'2018-04-23 23:55:39','1129',5,5,950
'SPB-09605','2018-04-23 23:49:38','815',3,'2018-04-24 00:31:20','815',4,41,6360
'SPB-11135','2018-04-23 23:50:04','551',5,'2018-04-24 00:24:20','3507',3,32,2740
'SPB-01195','2018-04-23 23:50:11','1911',7,'2018-04-24 00:11:28','263',6,20,5570
'SPB-02082','2018-04-23 23:50:36','2297',3,'2018-04-24 00:57:33','2314',1,66,12000
'SPB-08788','2018-04-23 23:50:48','2297',8,'2018-04-24 00:55:40','2314',7,59,11320
'SPB-04202','2018-04-23 23:51:11','710',6,'2018-04-24 00:01:08','1940',3,9,1710
'SPB-08587','2018-04-23 23:51:29','1131',4,'2018-04-24 00:06:56','1166',10,15,3100
'SPB-03296','2018-04-23 23:51:54','1050',11,'2018-04-24 00:40:14','560',8,48,8450
'SPB-11576','2018-04-23 23:52:01','1418',10,'2018-04-23 23:57:36','1438',5,5,1560
'SPB-12467','2018-04-23 23:52:01','1656',3,'2018-04-24 00:16:09','1637',3,23,4830
'SPB-10398','2018-04-23 23:52:35','916',3,'2018-04-24 00:08:47','912',8,15,2140
'SPB-08518','2018-04-23 23:52:56','1666',3,'2018-04-24 00:01:25','1619',1,8,1220
'SPB-12824','2018-04-23 23:52:59','207',7,'2018-04-23 23:57:13','221',10,4,790
'SPB-03595','2018-04-23 23:53:01','1616',5,'2018-04-24 00:09:09','1619',7,15,2200
'SPB-12856','2018-04-23 23:53:45','502',14,'2018-04-24 00:00:57','593',1,6,820
'SPB-08337','2018-04-23 23:54:02','605',3,'2018-04-23 23:59:32','378',9,5,1070
'SPB-12778','2018-04-23 23:54:02','1123',11,'2018-04-24 00:32:00','744',7,34,4560
'SPB-10540','2018-04-23 23:54:11','2007',7,'2018-04-24 00:00:01','2058',3,5,730
'SPB-11690','2018-04-23 23:54:17','364',1,'2018-04-24 00:19:32','316',10,23,3500
'SPB-11133','2018-04-23 23:54:21','2139',2,'2018-04-24 00:03:52','2140',11,9,1390
'SPB-03375','2018-04-23 23:55:07','2297',10,'2018-04-24 00:18:32','2222',7,23,3600
'SPB-10277','2018-04-23 23:55:58','2303',7,'2018-04-24 00:04:12','2385',2,8,2070
'SPB-09159','2018-04-23 23:56:18','1212',5,'2018-04-24 00:23:20','1251',1,26,4340
'SPB-12826','2018-04-23 23:56:23','803',2,'2018-04-24 00:30:28','249',3,32,8410
'SPB-10446','2018-04-23 23:56:36','2032',3,'2018-04-24 00:05:28','2222',10,8,930
'SPB-03381','2018-04-23 23:56:39','816',9,'2018-04-24 00:08:27','829',4,11,1110
'SPB-08979','2018-04-23 23:57:12','346',1,'2018-04-24 00:05:50','364',1,7,970
'SPB-08434','2018-04-23 23:57:47','2103',8,'2018-04-24 00:20:39','2145',3,20,2120
'SPB-09982','2018-04-23 23:57:48','521',14,'2018-04-24 00:01:16','520',9,3,280
'SPB-00777','2018-04-23 23:57:49','549',9,'2018-04-24 00:09:33','591',5,11,2330
'SPB-06205','2018-04-23 23:57:55','126',17,'2018-04-24 00:02:48','126',17,4,740
'SPB-06617','2018-04-23 23:58:03','614',19,'2018-04-24 00:29:18','614',19,30,8180
'SPB-11354','2018-04-23 23:58:10','2102',3,'2018-04-24 00:06:50','2173',4,8,840
'SPB-09121','2018-04-23 23:58:13','1228',4,'2018-04-24 00:21:40','1022',1,21,4450
'SPB-07540','2018-04-23 23:58:39','706',1,'2018-04-24 00:06:36','736',1,7,1610
'SPB-05311','2018-04-23 23:58:54','906',9,'2018-04-24 00:04:21','932',6,5,910
'SPB-12693','2018-04-23 23:59:00','551',7,'2018-04-24 00:03:04','542',10,4,720
'SPB-12584','2018-04-23 23:59:11','184',9,'2018-04-24 00:31:09','267',5,31,4100
'SPB-04850','2018-04-23 23:59:34','1222',5,'2018-04-24 00:10:44','1231',1,10,1460
'SPB-09446','2018-04-23 23:59:45','934',7,'2018-04-24 00:15:00','906',1,14,2850
